uid,pid
3797,0
3002,1
3678,2
3203,3
1570,4
2709,5
65,6
3334,7
981,8
3605,9
2009,10
921,11
2724,12
4911,13
2357,14
1306,15
2285,16
746,17
1234,18
4512,19
2848,20
4605,21
855,22
4744,23
4402,24
4687,25
3644,26
3618,27
2194,28
2157,29
13,30
2972,31
2991,32
374,33
3746,34
1204,35
4926,36
2632,37
714,38
4753,39
4888,40
1515,41
3243,42
4657,43
4673,44
2885,45
2986,46
2995,47
1169,48
243,49
4008,50
4486,51
493,52
262,53
4242,54
2832,55
4526,56
4858,57
3614,58
951,59
2536,60
3552,61
3540,62
154,63
3851,64
1660,65
3986,66
4359,67
3645,68
2726,69
1790,70
2581,71
1781,72
3660,73
1646,74
4651,75
2544,76
101,77
3506,78
4535,79
390,80
1215,81
1512,82
2631,83
3662,84
2057,85
1678,86
3386,87
1612,88
72,89
1867,90
4390,91
4193,92
2581,93
3781,94
2826,95
4450,96
1213,97
2883,98
2661,99
511,100
3446,101
4140,102
1093,103
1508,104
1343,105
1325,106
2304,107
3034,108
1488,109
1901,110
1685,111
2727,112
2893,113
4203,114
3258,115
1928,116
3054,117
4006,118
958,119
725,120
2489,121
4563,122
208,123
3964,124
3261,125
3361,126
4845,127
2412,128
1920,129
4864,130
2133,131
2506,132
4305,133
3772,134
686,135
439,136
3653,137
3438,138
743,139
2719,140
749,141
3314,142
1965,143
4034,144
189,145
3417,146
680,147
3949,148
4814,149
1223,150
197,151
1569,152
2844,153
2565,154
1724,155
2874,156
527,157
120,158
4851,159
208,160
1790,161
1526,162
4656,163
4225,164
4102,165
3911,166
3659,167
4051,168
3638,169
1905,170
464,171
4574,172
597,173
1162,174
2184,175
4895,176
280,177
3425,178
2680,179
461,180
3568,181
3604,182
4319,183
4191,184
1626,185
3497,186
2243,187
114,188
468,189
1873,190
2979,191
326,192
534,193
872,194
3198,195
866,196
2509,197
701,198
2953,199
754,200
1649,201
1815,202
3212,203
2327,204
4335,205
3780,206
1373,207
4439,208
2838,209
2547,210
2098,211
3095,212
1269,213
98,214
3043,215
2799,216
2418,217
3265,218
2988,219
4157,220
3796,221
1708,222
3262,223
4623,224
1153,225
1243,226
3806,227
701,228
3543,229
1077,230
4282,231
3940,232
2870,233
4183,234
2619,235
1163,236
4739,237
4593,238
3317,239
4689,240
4854,241
1560,242
4768,243
1028,244
3652,245
4044,246
3233,247
2410,248
373,249
4050,250
3872,251
218,252
1894,253
2210,254
2099,255
435,256
2462,257
3793,258
2728,259
2131,260
2964,261
1303,262
4062,263
1744,264
1198,265
3010,266
4972,267
1538,268
2939,269
4168,270
839,271
3030,272
3041,273
3047,274
3391,275
2499,276
342,277
1567,278
2370,279
2663,280
4202,281
3670,282
3598,283
1906,284
2586,285
754,286
3490,287
3577,288
4326,289
2242,290
4757,291
4795,292
1747,293
3900,294
2348,295
1399,296
824,297
3687,298
263,299
3531,300
3108,301
3217,302
3332,303
1557,304
1894,305
1161,306
2777,307
108,308
210,309
4054,310
2837,311
4879,312
4649,313
3445,314
431,315
36,316
2537,317
621,318
85,319
3514,320
2352,321
2229,322
756,323
1222,324
4965,325
2940,326
4013,327
1696,328
525,329
2759,330
2013,331
254,332
4185,333
1414,334
2395,335
487,336
4741,337
4086,338
478,339
4633,340
1481,341
1143,342
3507,343
1410,344
1892,345
2142,346
2426,347
1985,348
3963,349
4403,350
2185,351
1357,352
957,353
131,354
2894,355
1996,356
129,357
158,358
3032,359
3692,360
3485,361
3625,362
206,363
3964,364
4967,365
4444,366
309,367
4267,368
3567,369
2037,370
1613,371
4375,372
1147,373
490,374
4972,375
4455,376
896,377
1146,378
3480,379
2800,380
3383,381
4707,382
1912,383
2330,384
3060,385
4707,386
4875,387
1459,388
2015,389
2010,390
1774,391
466,392
638,393
4950,394
1521,395
1765,396
1240,397
1069,398
2026,399
3634,400
596,401
2022,402
1807,403
2632,404
1958,405
232,406
4775,407
4062,408
2879,409
3808,410
1392,411
906,412
93,413
2973,414
2210,415
3770,416
2614,417
918,418
1226,419
2070,420
4248,421
785,422
1766,423
531,424
2795,425
830,426
919,427
4016,428
2356,429
4233,430
1753,431
2667,432
4875,433
2602,434
3771,435
4340,436
365,437
632,438
1292,439
3296,440
4721,441
1560,442
1211,443
4214,444
4102,445
1122,446
598,447
3941,448
2538,449
2923,450
4827,451
2267,452
2236,453
3955,454
3393,455
3534,456
3978,457
679,458
4167,459
4093,460
522,461
2711,462
74,463
3551,464
2916,465
945,466
2538,467
298,468
3630,469
1547,470
4372,471
3532,472
3253,473
1915,474
465,475
829,476
3657,477
369,478
1293,479
1386,480
4545,481
2899,482
4847,483
2714,484
3402,485
3935,486
3422,487
2724,488
1251,489
4812,490
1185,491
1797,492
3331,493
2632,494
1350,495
3629,496
1760,497
2586,498
2043,499
3411,500
1825,501
832,502
1511,503
3275,504
4548,505
2281,506
1688,507
158,508
4943,509
579,510
2198,511
3338,512
186,513
3093,514
4269,515
524,516
4714,517
2846,518
3886,519
2948,520
359,521
3787,522
462,523
2704,524
342,525
1827,526
4484,527
1518,528
431,529
2133,530
2655,531
3854,532
767,533
1400,534
788,535
3861,536
2389,537
3369,538
1715,539
2266,540
144,541
2728,542
1081,543
884,544
3918,545
178,546
534,547
904,548
3326,549
919,550
4072,551
4470,552
4605,553
4116,554
102,555
1981,556
4668,557
537,558
3565,559
1458,560
3000,561
1675,562
1813,563
2483,564
1839,565
3274,566
2451,567
4217,568
1617,569
3548,570
4199,571
2632,572
3491,573
4198,574
4863,575
3856,576
3204,577
9,578
362,579
1919,580
4099,581
4498,582
2645,583
2324,584
3734,585
3024,586
352,587
3740,588
4556,589
1577,590
800,591
3071,592
1931,593
1892,594
1557,595
188,596
1282,597
3351,598
93,599
4271,600
2007,601
2249,602
263,603
969,604
144,605
712,606
4440,607
4111,608
3877,609
2795,610
3096,611
2897,612
2547,613
1208,614
4636,615
2419,616
1866,617
3206,618
4780,619
2150,620
919,621
635,622
1342,623
4776,624
4257,625
463,626
3761,627
3998,628
4071,629
158,630
346,631
2008,632
1743,633
3784,634
3312,635
164,636
1016,637
2156,638
4379,639
1769,640
240,641
4335,642
2824,643
4188,644
2358,645
2009,646
1678,647
2254,648
4080,649
1239,650
1323,651
787,652
268,653
89,654
2575,655
4890,656
866,657
68,658
766,659
499,660
503,661
912,662
2297,663
524,664
4818,665
3994,666
3333,667
98,668
1115,669
2218,670
2745,671
381,672
2190,673
2542,674
371,675
4227,676
4683,677
4196,678
882,679
4314,680
296,681
1930,682
3997,683
1450,684
2652,685
2408,686
3401,687
3288,688
381,689
3556,690
3862,691
4235,692
1833,693
868,694
2186,695
490,696
3152,697
2711,698
3468,699
1050,700
720,701
2331,702
1329,703
2635,704
446,705
2199,706
2176,707
228,708
3370,709
217,710
1425,711
2193,712
507,713
2136,714
1649,715
811,716
1478,717
1810,718
15,719
1560,720
746,721
591,722
273,723
3413,724
4694,725
3491,726
2286,727
858,728
2232,729
4462,730
2549,731
3053,732
3319,733
78,734
1291,735
3764,736
4897,737
1611,738
1880,739
2007,740
1140,741
3377,742
3426,743
1291,744
2712,745
113,746
4135,747
4231,748
1859,749
3479,750
3295,751
3722,752
3106,753
1467,754
686,755
2370,756
3493,757
3452,758
4781,759
4565,760
3643,761
3232,762
1681,763
2410,764
3137,765
1660,766
2984,767
1304,768
366,769
2361,770
4203,771
1333,772
1577,773
2596,774
2238,775
2223,776
4504,777
3923,778
2144,779
4166,780
4082,781
1158,782
929,783
1919,784
3797,785
2819,786
838,787
4569,788
239,789
448,790
4294,791
994,792
296,793
2220,794
4879,795
4290,796
2125,797
3949,798
1592,799
3502,800
2662,801
4482,802
2880,803
333,804
4360,805
4465,806
3676,807
582,808
2891,809
3905,810
4596,811
1815,812
4252,813
968,814
1702,815
3886,816
3762,817
1021,818
1744,819
1418,820
1124,821
4494,822
3937,823
738,824
4776,825
4546,826
3896,827
2892,828
3436,829
3840,830
4658,831
2319,832
2048,833
397,834
3191,835
2608,836
1442,837
1656,838
2901,839
2639,840
3991,841
2961,842
4410,843
2290,844
3168,845
4812,846
2077,847
2304,848
4601,849
601,850
3989,851
270,852
3106,853
2447,854
1079,855
893,856
3754,857
1659,858
4803,859
3505,860
3414,861
2069,862
1375,863
3594,864
4829,865
3739,866
2601,867
2581,868
1334,869
2682,870
3296,871
515,872
159,873
787,874
2795,875
3024,876
4262,877
2435,878
1431,879
2260,880
2451,881
2648,882
1196,883
3237,884
1444,885
1946,886
1632,887
1578,888
1334,889
3095,890
2281,891
912,892
2770,893
2565,894
3758,895
4103,896
2636,897
2755,898
4637,899
261,900
2988,901
2599,902
4814,903
2065,904
1969,905
112,906
2182,907
2713,908
4776,909
4828,910
4579,911
603,912
4160,913
3218,914
3374,915
190,916
4384,917
1992,918
2987,919
3937,920
4286,921
3533,922
793,923
1450,924
872,925
4911,926
4584,927
4559,928
1310,929
4661,930
3716,931
2352,932
2381,933
4118,934
4742,935
4162,936
2101,937
3215,938
3755,939
4596,940
1395,941
1288,942
2418,943
3404,944
1575,945
390,946
3090,947
1226,948
1230,949
1888,950
2896,951
3955,952
919,953
1206,954
228,955
62,956
3273,957
996,958
324,959
3426,960
3426,961
1755,962
2542,963
1605,964
1801,965
1959,966
2401,967
1637,968
2868,969
1689,970
387,971
4993,972
4138,973
526,974
804,975
2608,976
3128,977
1732,978
4760,979
2368,980
4743,981
3299,982
3352,983
2751,984
1323,985
2657,986
2073,987
469,988
997,989
3828,990
26,991
3975,992
1641,993
2522,994
1522,995
1580,996
4671,997
1667,998
318,999
2043,1000
4557,1001
4029,1002
518,1003
2529,1004
226,1005
1374,1006
4431,1007
3902,1008
1364,1009
2301,1010
826,1011
329,1012
1906,1013
3120,1014
1227,1015
3102,1016
298,1017
3446,1018
57,1019
2758,1020
3067,1021
942,1022
547,1023
1342,1024
2162,1025
1941,1026
3464,1027
3702,1028
3488,1029
3962,1030
4462,1031
3115,1032
1201,1033
1212,1034
1091,1035
4780,1036
4733,1037
2545,1038
4774,1039
4311,1040
2227,1041
1697,1042
1037,1043
3212,1044
1328,1045
2424,1046
392,1047
1088,1048
1235,1049
614,1050
1323,1051
1258,1052
4443,1053
2402,1054
1783,1055
937,1056
2686,1057
4345,1058
2049,1059
1074,1060
4107,1061
1795,1062
3528,1063
4421,1064
272,1065
3341,1066
1434,1067
3033,1068
4051,1069
1039,1070
3015,1071
67,1072
2588,1073
3287,1074
2691,1075
2977,1076
4952,1077
3922,1078
471,1079
3556,1080
2703,1081
4329,1082
1664,1083
2536,1084
4902,1085
2321,1086
4605,1087
3197,1088
1684,1089
2377,1090
2468,1091
3777,1092
4216,1093
4167,1094
117,1095
1179,1096
3857,1097
1705,1098
1196,1099
4752,1100
587,1101
2847,1102
2170,1103
3256,1104
4535,1105
2743,1106
860,1107
4793,1108
3163,1109
1727,1110
1257,1111
2882,1112
2733,1113
4406,1114
215,1115
1513,1116
1971,1117
1450,1118
1094,1119
652,1120
3229,1121
2146,1122
3010,1123
2682,1124
1680,1125
4125,1126
20,1127
4954,1128
1596,1129
3944,1130
2873,1131
226,1132
4886,1133
4066,1134
4488,1135
1585,1136
4253,1137
3618,1138
4975,1139
3148,1140
2848,1141
4350,1142
1998,1143
915,1144
942,1145
4254,1146
1169,1147
4460,1148
2515,1149
1406,1150
3417,1151
4974,1152
336,1153
294,1154
3531,1155
2454,1156
2067,1157
2173,1158
3806,1159
2076,1160
3210,1161
2992,1162
4744,1163
31,1164
2619,1165
4303,1166
4920,1167
835,1168
4550,1169
2640,1170
5,1171
2553,1172
3448,1173
2168,1174
684,1175
903,1176
1873,1177
3744,1178
3877,1179
522,1180
2558,1181
4965,1182
3118,1183
4442,1184
4382,1185
4693,1186
1502,1187
4421,1188
2528,1189
1440,1190
1642,1191
4745,1192
1434,1193
3604,1194
3810,1195
4790,1196
3467,1197
87,1198
4059,1199
2873,1200
4553,1201
2176,1202
3853,1203
9,1204
1779,1205
829,1206
3878,1207
84,1208
230,1209
2212,1210
3620,1211
3362,1212
4275,1213
4878,1214
2294,1215
1944,1216
206,1217
4206,1218
2779,1219
2814,1220
1088,1221
3918,1222
2993,1223
4032,1224
1309,1225
3050,1226
1966,1227
471,1228
1349,1229
2865,1230
4312,1231
4049,1232
2774,1233
938,1234
1368,1235
1651,1236
2263,1237
1955,1238
3698,1239
4453,1240
3406,1241
2811,1242
4542,1243
925,1244
1226,1245
3225,1246
2881,1247
3793,1248
529,1249
2098,1250
1299,1251
3993,1252
522,1253
2390,1254
90,1255
994,1256
2298,1257
474,1258
3940,1259
3963,1260
3306,1261
4174,1262
2304,1263
4019,1264
2214,1265
95,1266
2149,1267
4272,1268
2575,1269
4261,1270
1296,1271
272,1272
1713,1273
1733,1274
2585,1275
4250,1276
2236,1277
1175,1278
3238,1279
1373,1280
238,1281
3088,1282
3901,1283
391,1284
4942,1285
1672,1286
870,1287
2782,1288
4338,1289
709,1290
2525,1291
4314,1292
137,1293
1341,1294
4235,1295
2392,1296
3425,1297
3974,1298
3613,1299
4263,1300
1160,1301
4248,1302
201,1303
317,1304
4022,1305
2153,1306
3432,1307
3714,1308
3921,1309
4687,1310
4326,1311
4955,1312
4326,1313
817,1314
562,1315
679,1316
3677,1317
133,1318
4204,1319
4293,1320
3605,1321
4978,1322
4217,1323
4251,1324
2579,1325
894,1326
984,1327
1191,1328
2854,1329
3472,1330
4335,1331
4136,1332
2477,1333
2327,1334
2493,1335
397,1336
3942,1337
3992,1338
4616,1339
956,1340
384,1341
1034,1342
344,1343
756,1344
1768,1345
844,1346
1386,1347
474,1348
4207,1349
397,1350
541,1351
4686,1352
2210,1353
2954,1354
3631,1355
4534,1356
1943,1357
619,1358
231,1359
1913,1360
3077,1361
3517,1362
2523,1363
1876,1364
4924,1365
807,1366
1739,1367
2760,1368
4104,1369
2729,1370
228,1371
1473,1372
3985,1373
2744,1374
4909,1375
2991,1376
757,1377
4058,1378
4132,1379
4391,1380
2395,1381
47,1382
376,1383
4034,1384
3025,1385
3868,1386
3607,1387
2364,1388
3590,1389
2961,1390
1689,1391
3933,1392
3975,1393
1068,1394
3419,1395
4347,1396
3373,1397
427,1398
1875,1399
2741,1400
45,1401
4700,1402
3434,1403
4784,1404
37,1405
2359,1406
3044,1407
2284,1408
284,1409
1842,1410
2688,1411
807,1412
4074,1413
4091,1414
4894,1415
1728,1416
2619,1417
4921,1418
3274,1419
2493,1420
271,1421
1146,1422
445,1423
1564,1424
4724,1425
2173,1426
1004,1427
2052,1428
1161,1429
640,1430
2438,1431
3932,1432
2732,1433
915,1434
362,1435
3786,1436
275,1437
2610,1438
1005,1439
4076,1440
3078,1441
1373,1442
3527,1443
266,1444
1219,1445
4314,1446
3494,1447
1649,1448
135,1449
2929,1450
4096,1451
1576,1452
3307,1453
3526,1454
4084,1455
165,1456
2267,1457
4841,1458
1760,1459
4840,1460
2207,1461
2089,1462
4204,1463
2534,1464
1909,1465
459,1466
3037,1467
862,1468
2148,1469
351,1470
2865,1471
4735,1472
426,1473
3082,1474
1064,1475
239,1476
1646,1477
388,1478
1729,1479
4756,1480
2934,1481
4898,1482
640,1483
637,1484
521,1485
2396,1486
1029,1487
497,1488
1013,1489
1632,1490
4079,1491
4366,1492
4360,1493
4,1494
2660,1495
2114,1496
2274,1497
4854,1498
4610,1499
3589,1500
3104,1501
4438,1502
1152,1503
4556,1504
4169,1505
10,1506
2356,1507
1774,1508
4780,1509
4632,1510
590,1511
4666,1512
2768,1513
2919,1514
275,1515
4421,1516
1473,1517
2941,1518
4017,1519
1183,1520
4953,1521
3473,1522
2960,1523
3447,1524
571,1525
1265,1526
2702,1527
3369,1528
2352,1529
4164,1530
3650,1531
3142,1532
1358,1533
4672,1534
3025,1535
227,1536
4226,1537
4324,1538
4627,1539
3720,1540
1349,1541
3662,1542
2277,1543
242,1544
2363,1545
3382,1546
4344,1547
2504,1548
2693,1549
1104,1550
736,1551
3064,1552
1007,1553
364,1554
1188,1555
3114,1556
1833,1557
2809,1558
3051,1559
3475,1560
2441,1561
404,1562
4908,1563
410,1564
3294,1565
612,1566
509,1567
533,1568
1534,1569
2617,1570
3204,1571
3964,1572
504,1573
4911,1574
1248,1575
4412,1576
3362,1577
927,1578
1103,1579
3645,1580
1554,1581
2942,1582
1760,1583
1659,1584
3848,1585
3842,1586
914,1587
2783,1588
3761,1589
35,1590
3,1591
2199,1592
245,1593
3246,1594
3073,1595
3048,1596
585,1597
4987,1598
1131,1599
2466,1600
572,1601
4312,1602
4047,1603
3659,1604
1814,1605
1923,1606
4036,1607
1226,1608
2491,1609
4963,1610
1897,1611
2308,1612
4627,1613
3030,1614
2676,1615
1521,1616
2484,1617
4979,1618
243,1619
551,1620
2772,1621
3864,1622
3197,1623
309,1624
1643,1625
3836,1626
3536,1627
4833,1628
3127,1629
3045,1630
2747,1631
1929,1632
3653,1633
482,1634
3037,1635
2516,1636
3198,1637
873,1638
2196,1639
609,1640
2206,1641
4017,1642
3150,1643
1254,1644
733,1645
168,1646
2418,1647
994,1648
898,1649
1846,1650
2110,1651
3362,1652
4426,1653
1847,1654
3553,1655
278,1656
388,1657
1435,1658
1682,1659
4476,1660
1031,1661
2721,1662
534,1663
2147,1664
3449,1665
4550,1666
3501,1667
4920,1668
1696,1669
2218,1670
229,1671
19,1672
2276,1673
2794,1674
245,1675
3059,1676
2410,1677
1198,1678
3506,1679
3324,1680
2874,1681
3867,1682
4924,1683
1359,1684
545,1685
225,1686
2560,1687
97,1688
2927,1689
4541,1690
2174,1691
2682,1692
4041,1693
2231,1694
4108,1695
4775,1696
2278,1697
2997,1698
1856,1699
4687,1700
3165,1701
1805,1702
4066,1703
16,1704
4604,1705
3285,1706
3702,1707
3114,1708
1266,1709
349,1710
4573,1711
3314,1712
2637,1713
4283,1714
2388,1715
3591,1716
2564,1717
981,1718
4802,1719
2223,1720
2692,1721
4290,1722
2429,1723
1498,1724
3934,1725
2000,1726
4924,1727
2901,1728
4639,1729
2822,1730
1078,1731
768,1732
1157,1733
2930,1734
4400,1735
503,1736
1167,1737
475,1738
1170,1739
3443,1740
4028,1741
1303,1742
1946,1743
1130,1744
2379,1745
853,1746
3734,1747
4529,1748
2697,1749
252,1750
894,1751
4152,1752
3981,1753
569,1754
4606,1755
3133,1756
285,1757
4547,1758
695,1759
2566,1760
3785,1761
898,1762
2694,1763
2011,1764
4447,1765
2450,1766
1930,1767
2249,1768
1005,1769
3451,1770
1305,1771
4351,1772
1425,1773
1004,1774
2586,1775
2068,1776
2491,1777
4266,1778
3420,1779
3014,1780
1880,1781
4437,1782
1364,1783
4659,1784
1239,1785
19,1786
4490,1787
658,1788
3815,1789
2361,1790
84,1791
1706,1792
1023,1793
80,1794
2016,1795
1921,1796
2675,1797
133,1798
4469,1799
2181,1800
989,1801
4758,1802
1298,1803
4590,1804
2064,1805
2659,1806
2964,1807
1849,1808
853,1809
2898,1810
3243,1811
3773,1812
2,1813
3201,1814
3237,1815
3968,1816
3892,1817
3495,1818
368,1819
66,1820
2564,1821
898,1822
1180,1823
2616,1824
4174,1825
2617,1826
2965,1827
3009,1828
3875,1829
1122,1830
708,1831
4908,1832
519,1833
1916,1834
2517,1835
3007,1836
4962,1837
501,1838
4297,1839
3136,1840
1714,1841
4868,1842
3933,1843
4070,1844
3430,1845
991,1846
265,1847
3512,1848
1980,1849
4069,1850
969,1851
2324,1852
4827,1853
1045,1854
3486,1855
769,1856
3633,1857
4500,1858
1412,1859
2908,1860
4700,1861
3937,1862
2324,1863
3421,1864
4996,1865
955,1866
4387,1867
2362,1868
590,1869
4545,1870
1833,1871
4890,1872
922,1873
1448,1874
2138,1875
4818,1876
3357,1877
4632,1878
4511,1879
1227,1880
38,1881
2198,1882
692,1883
4897,1884
740,1885
2122,1886
450,1887
4700,1888
1773,1889
4281,1890
4062,1891
1425,1892
3368,1893
2939,1894
576,1895
2097,1896
2811,1897
2406,1898
1916,1899
2328,1900
1645,1901
4000,1902
4674,1903
774,1904
1156,1905
2767,1906
3897,1907
1689,1908
2918,1909
2547,1910
2935,1911
3072,1912
979,1913
3722,1914
4842,1915
688,1916
4808,1917
4346,1918
3345,1919
641,1920
1301,1921
3778,1922
3275,1923
1657,1924
4887,1925
1736,1926
2877,1927
3215,1928
1525,1929
3475,1930
2687,1931
3305,1932
982,1933
265,1934
4127,1935
3917,1936
3512,1937
4329,1938
2579,1939
1762,1940
1890,1941
2353,1942
4922,1943
3735,1944
4434,1945
3680,1946
2563,1947
4154,1948
3839,1949
3588,1950
3259,1951
4705,1952
478,1953
3772,1954
3114,1955
4340,1956
1288,1957
3887,1958
3445,1959
4960,1960
801,1961
4978,1962
3037,1963
2124,1964
2258,1965
3452,1966
2166,1967
1262,1968
3143,1969
3253,1970
4519,1971
3694,1972
2456,1973
2377,1974
2920,1975
2337,1976
2524,1977
2961,1978
4365,1979
1062,1980
4880,1981
321,1982
919,1983
1164,1984
4307,1985
1482,1986
1467,1987
1257,1988
1859,1989
4016,1990
4064,1991
1179,1992
2640,1993
2580,1994
3285,1995
4105,1996
2456,1997
4035,1998
2079,1999
90,2000
3673,2001
203,2002
2494,2003
716,2004
3905,2005
68,2006
2264,2007
2189,2008
1848,2009
3060,2010
67,2011
1901,2012
3691,2013
1545,2014
4630,2015
985,2016
161,2017
1257,2018
1631,2019
1352,2020
2433,2021
812,2022
133,2023
2088,2024
2962,2025
4664,2026
4727,2027
2817,2028
4417,2029
3955,2030
2347,2031
1960,2032
3245,2033
2924,2034
7,2035
1749,2036
2452,2037
937,2038
3170,2039
1908,2040
2366,2041
4897,2042
2666,2043
2582,2044
793,2045
3378,2046
1855,2047
112,2048
3027,2049
700,2050
654,2051
490,2052
210,2053
3547,2054
493,2055
4441,2056
1838,2057
1687,2058
1756,2059
2132,2060
2476,2061
1390,2062
521,2063
177,2064
3403,2065
4520,2066
579,2067
4808,2068
1882,2069
4137,2070
3263,2071
3414,2072
2632,2073
465,2074
3989,2075
3258,2076
4937,2077
3527,2078
3098,2079
706,2080
3022,2081
8,2082
1454,2083
3102,2084
3045,2085
3724,2086
2655,2087
1819,2088
3724,2089
1880,2090
3852,2091
2337,2092
4050,2093
1452,2094
1570,2095
4548,2096
268,2097
1990,2098
4865,2099
2709,2100
1075,2101
51,2102
102,2103
2098,2104
4075,2105
3940,2106
1802,2107
2264,2108
3340,2109
3334,2110
3488,2111
4959,2112
4693,2113
3095,2114
2114,2115
1005,2116
2387,2117
4839,2118
2092,2119
2105,2120
4045,2121
3716,2122
4462,2123
840,2124
1754,2125
1892,2126
2293,2127
3442,2128
3824,2129
1806,2130
4001,2131
533,2132
1533,2133
1816,2134
880,2135
2120,2136
833,2137
2793,2138
865,2139
2641,2140
3674,2141
2543,2142
2065,2143
2150,2144
3181,2145
4641,2146
2456,2147
4102,2148
803,2149
3493,2150
2467,2151
880,2152
4424,2153
1611,2154
1234,2155
4226,2156
2156,2157
4623,2158
2371,2159
4491,2160
4502,2161
2913,2162
2133,2163
1328,2164
3435,2165
3319,2166
3189,2167
225,2168
3090,2169
4441,2170
1403,2171
2836,2172
3890,2173
2707,2174
252,2175
2056,2176
3929,2177
3501,2178
2928,2179
1498,2180
861,2181
2390,2182
3165,2183
4842,2184
2918,2185
3387,2186
3953,2187
2071,2188
1546,2189
1012,2190
4188,2191
2053,2192
2062,2193
3782,2194
4346,2195
461,2196
43,2197
313,2198
3364,2199
2796,2200
4197,2201
59,2202
687,2203
114,2204
1508,2205
2890,2206
3850,2207
4708,2208
734,2209
3820,2210
3891,2211
849,2212
2122,2213
4153,2214
4929,2215
1151,2216
3303,2217
1927,2218
2067,2219
3590,2220
2513,2221
4348,2222
4415,2223
2923,2224
825,2225
2174,2226
555,2227
2141,2228
1053,2229
1117,2230
4013,2231
2914,2232
2667,2233
3935,2234
974,2235
1258,2236
2497,2237
778,2238
3266,2239
1098,2240
4511,2241
325,2242
4089,2243
4473,2244
2314,2245
679,2246
4688,2247
1246,2248
3545,2249
3981,2250
2623,2251
103,2252
2300,2253
1894,2254
596,2255
4730,2256
2607,2257
3545,2258
4373,2259
2415,2260
122,2261
4084,2262
2897,2263
2819,2264
2403,2265
934,2266
1087,2267
1389,2268
1505,2269
3390,2270
3341,2271
4291,2272
4050,2273
1201,2274
1696,2275
1413,2276
3916,2277
599,2278
1193,2279
200,2280
503,2281
3173,2282
502,2283
739,2284
1264,2285
3298,2286
436,2287
4357,2288
1951,2289
806,2290
2410,2291
283,2292
97,2293
598,2294
3568,2295
2854,2296
229,2297
3552,2298
3947,2299
1962,2300
2499,2301
3180,2302
3042,2303
2423,2304
1663,2305
2439,2306
91,2307
2187,2308
745,2309
929,2310
1605,2311
4180,2312
4743,2313
1520,2314
3647,2315
4898,2316
3119,2317
2650,2318
270,2319
4042,2320
1361,2321
29,2322
2202,2323
4347,2324
11,2325
2537,2326
2897,2327
2043,2328
179,2329
2620,2330
857,2331
530,2332
2239,2333
3748,2334
3937,2335
221,2336
1119,2337
3544,2338
1192,2339
4499,2340
1832,2341
3590,2342
1315,2343
747,2344
3481,2345
3373,2346
4650,2347
251,2348
1921,2349
939,2350
2059,2351
4385,2352
182,2353
3855,2354
4332,2355
2028,2356
3143,2357
2984,2358
4956,2359
683,2360
2370,2361
4363,2362
2682,2363
500,2364
2270,2365
4599,2366
4483,2367
4301,2368
1113,2369
4995,2370
287,2371
4350,2372
713,2373
4350,2374
4588,2375
3076,2376
3110,2377
589,2378
3688,2379
3854,2380
3245,2381
1359,2382
914,2383
1811,2384
3886,2385
1252,2386
2129,2387
3520,2388
3478,2389
976,2390
4362,2391
510,2392
3244,2393
3268,2394
1837,2395
3193,2396
2391,2397
900,2398
1608,2399
633,2400
2262,2401
2601,2402
4377,2403
1739,2404
1605,2405
696,2406
1143,2407
2552,2408
2541,2409
527,2410
3345,2411
1908,2412
772,2413
3526,2414
332,2415
4271,2416
4304,2417
923,2418
4192,2419
2895,2420
1063,2421
1276,2422
3395,2423
4050,2424
4849,2425
3327,2426
4411,2427
1248,2428
4411,2429
2836,2430
1887,2431
4294,2432
981,2433
4961,2434
2942,2435
1779,2436
1396,2437
3484,2438
981,2439
286,2440
3975,2441
1220,2442
604,2443
2757,2444
1517,2445
2423,2446
2833,2447
3710,2448
2156,2449
3364,2450
570,2451
4216,2452
3467,2453
2361,2454
1286,2455
2090,2456
3312,2457
3205,2458
2563,2459
3386,2460
1154,2461
1719,2462
2185,2463
2478,2464
4719,2465
4172,2466
1284,2467
398,2468
3117,2469
3051,2470
2725,2471
2823,2472
1244,2473
1667,2474
3025,2475
3408,2476
121,2477
4515,2478
3431,2479
2711,2480
2691,2481
624,2482
2454,2483
892,2484
4786,2485
250,2486
803,2487
316,2488
1242,2489
4646,2490
294,2491
3758,2492
1563,2493
692,2494
1237,2495
1953,2496
3539,2497
4233,2498
766,2499
4098,2500
2937,2501
4917,2502
3448,2503
3786,2504
1395,2505
4301,2506
4385,2507
3477,2508
23,2509
3857,2510
2985,2511
3315,2512
509,2513
2007,2514
2005,2515
434,2516
3450,2517
4196,2518
4835,2519
840,2520
4438,2521
473,2522
2731,2523
765,2524
4174,2525
3547,2526
1771,2527
2470,2528
354,2529
3105,2530
1330,2531
666,2532
4983,2533
2249,2534
2957,2535
2159,2536
460,2537
1098,2538
3148,2539
357,2540
48,2541
1450,2542
3013,2543
2721,2544
2905,2545
3832,2546
2582,2547
2866,2548
1238,2549
106,2550
2566,2551
1143,2552
645,2553
4759,2554
1363,2555
54,2556
2348,2557
1373,2558
4260,2559
2469,2560
3859,2561
3819,2562
3088,2563
2980,2564
1039,2565
1567,2566
1325,2567
1768,2568
2208,2569
224,2570
2161,2571
4920,2572
43,2573
4997,2574
4987,2575
3050,2576
1991,2577
547,2578
4385,2579
1838,2580
1075,2581
3938,2582
2819,2583
3297,2584
1670,2585
823,2586
4677,2587
1986,2588
4909,2589
17,2590
4984,2591
2487,2592
4711,2593
4240,2594
609,2595
664,2596
4962,2597
3448,2598
879,2599
3610,2600
3910,2601
4858,2602
2129,2603
4925,2604
3001,2605
18,2606
4212,2607
3397,2608
3040,2609
1377,2610
632,2611
4915,2612
2404,2613
116,2614
1178,2615
205,2616
1321,2617
3697,2618
282,2619
984,2620
2320,2621
3496,2622
726,2623
1268,2624
4813,2625
2359,2626
1389,2627
3903,2628
2376,2629
2692,2630
4676,2631
1695,2632
1983,2633
1182,2634
2251,2635
3428,2636
1105,2637
2851,2638
1407,2639
3243,2640
2012,2641
489,2642
488,2643
2811,2644
871,2645
2641,2646
1980,2647
1179,2648
4695,2649
4478,2650
1898,2651
1649,2652
973,2653
642,2654
2655,2655
4171,2656
2550,2657
4169,2658
1898,2659
4144,2660
1848,2661
4970,2662
4435,2663
4967,2664
3570,2665
4908,2666
1399,2667
838,2668
1500,2669
405,2670
4293,2671
2211,2672
786,2673
1348,2674
1603,2675
1974,2676
2212,2677
1736,2678
2193,2679
4532,2680
4352,2681
86,2682
1883,2683
2164,2684
2069,2685
678,2686
1146,2687
4821,2688
4369,2689
3957,2690
3355,2691
4804,2692
531,2693
2938,2694
4829,2695
2601,2696
4072,2697
221,2698
110,2699
1027,2700
4633,2701
338,2702
117,2703
774,2704
1042,2705
1474,2706
3449,2707
3403,2708
3836,2709
1314,2710
296,2711
1391,2712
3251,2713
3024,2714
1880,2715
2706,2716
4143,2717
812,2718
1831,2719
2977,2720
2311,2721
828,2722
3710,2723
1435,2724
2632,2725
4645,2726
4657,2727
1470,2728
3729,2729
2240,2730
4056,2731
3386,2732
433,2733
938,2734
1296,2735
12,2736
3958,2737
850,2738
4441,2739
115,2740
3702,2741
3734,2742
1921,2743
4109,2744
4985,2745
2085,2746
2630,2747
3442,2748
2764,2749
2349,2750
2720,2751
4831,2752
3295,2753
2645,2754
1531,2755
4723,2756
55,2757
1939,2758
3840,2759
4141,2760
4204,2761
4486,2762
4684,2763
4883,2764
3947,2765
3052,2766
2942,2767
2723,2768
1915,2769
1276,2770
3932,2771
4733,2772
555,2773
509,2774
1029,2775
4670,2776
361,2777
3460,2778
3272,2779
2405,2780
2652,2781
1800,2782
3482,2783
1824,2784
4354,2785
1200,2786
1235,2787
2551,2788
3985,2789
4819,2790
537,2791
399,2792
169,2793
526,2794
802,2795
2119,2796
2463,2797
385,2798
3093,2799
2374,2800
4963,2801
1537,2802
3385,2803
2361,2804
3210,2805
2062,2806
140,2807
1337,2808
3988,2809
2797,2810
211,2811
4434,2812
1966,2813
238,2814
687,2815
4996,2816
159,2817
4271,2818
1022,2819
2453,2820
2414,2821
4310,2822
1789,2823
2539,2824
4537,2825
2385,2826
4755,2827
1494,2828
2911,2829
4256,2830
3360,2831
1371,2832
1174,2833
401,2834
665,2835
2233,2836
3084,2837
4786,2838
2325,2839
4230,2840
4097,2841
906,2842
3714,2843
4994,2844
3890,2845
2111,2846
2087,2847
1098,2848
15,2849
1319,2850
2698,2851
2325,2852
3077,2853
3699,2854
1451,2855
2834,2856
2339,2857
711,2858
1711,2859
1799,2860
2624,2861
3362,2862
1037,2863
3250,2864
1747,2865
1379,2866
267,2867
1522,2868
2128,2869
3096,2870
4680,2871
1566,2872
3592,2873
2568,2874
835,2875
2228,2876
4161,2877
537,2878
3737,2879
3298,2880
1329,2881
3259,2882
4082,2883
2888,2884
3687,2885
1410,2886
2724,2887
587,2888
3664,2889
70,2890
4893,2891
4794,2892
4989,2893
3126,2894
3804,2895
1900,2896
4074,2897
3839,2898
2200,2899
4702,2900
359,2901
1897,2902
3966,2903
4824,2904
2171,2905
3193,2906
4302,2907
4017,2908
355,2909
2479,2910
4694,2911
2293,2912
254,2913
2208,2914
4356,2915
4333,2916
2163,2917
4004,2918
3383,2919
3247,2920
3888,2921
2769,2922
813,2923
96,2924
3315,2925
3573,2926
902,2927
2264,2928
1436,2929
1006,2930
2215,2931
3301,2932
1497,2933
932,2934
486,2935
805,2936
4255,2937
2629,2938
44,2939
4088,2940
3471,2941
4439,2942
3189,2943
3363,2944
3269,2945
2201,2946
528,2947
2437,2948
3217,2949
4585,2950
69,2951
1701,2952
2553,2953
4550,2954
2208,2955
2105,2956
1484,2957
2862,2958
3362,2959
1047,2960
1881,2961
1072,2962
152,2963
4310,2964
4140,2965
898,2966
3321,2967
37,2968
1934,2969
2219,2970
4180,2971
1370,2972
2757,2973
873,2974
918,2975
2075,2976
2007,2977
1643,2978
4143,2979
3320,2980
3586,2981
1616,2982
4461,2983
854,2984
366,2985
4357,2986
1510,2987
2596,2988
1064,2989
569,2990
3297,2991
1472,2992
752,2993
604,2994
1653,2995
3594,2996
1059,2997
4146,2998
3263,2999
2479,3000
1544,3001
4155,3002
551,3003
2454,3004
4054,3005
1246,3006
162,3007
1750,3008
243,3009
3617,3010
33,3011
3204,3012
4966,3013
2865,3014
2568,3015
2217,3016
1309,3017
3687,3018
3246,3019
1833,3020
4654,3021
279,3022
1426,3023
4396,3024
4977,3025
2954,3026
4611,3027
2944,3028
3068,3029
4445,3030
343,3031
2283,3032
2140,3033
1647,3034
4596,3035
3245,3036
1913,3037
4790,3038
3889,3039
515,3040
4130,3041
2392,3042
732,3043
3716,3044
2484,3045
3277,3046
4957,3047
22,3048
4638,3049
403,3050
4809,3051
3737,3052
3415,3053
2048,3054
2310,3055
4954,3056
4245,3057
1667,3058
3596,3059
2136,3060
4263,3061
4034,3062
3121,3063
3906,3064
195,3065
564,3066
2644,3067
3182,3068
647,3069
263,3070
2466,3071
3362,3072
2019,3073
4138,3074
3475,3075
4750,3076
3452,3077
1620,3078
1989,3079
3687,3080
2410,3081
4442,3082
2094,3083
2124,3084
2298,3085
2163,3086
3637,3087
4083,3088
700,3089
1182,3090
4136,3091
4100,3092
4957,3093
2442,3094
2566,3095
2812,3096
2124,3097
556,3098
2142,3099
1482,3100
96,3101
308,3102
654,3103
556,3104
1455,3105
3975,3106
1772,3107
3826,3108
432,3109
1597,3110
4047,3111
809,3112
2416,3113
4867,3114
3381,3115
3577,3116
2984,3117
2497,3118
1454,3119
1518,3120
3357,3121
4300,3122
654,3123
209,3124
557,3125
2724,3126
3638,3127
1176,3128
1816,3129
1159,3130
1891,3131
3656,3132
1675,3133
2555,3134
3244,3135
4689,3136
4405,3137
3030,3138
1591,3139
1793,3140
3221,3141
256,3142
1772,3143
3286,3144
3417,3145
2335,3146
3623,3147
1800,3148
2760,3149
1617,3150
1345,3151
2852,3152
2800,3153
4237,3154
351,3155
2753,3156
4504,3157
3393,3158
4168,3159
3054,3160
2622,3161
2092,3162
3218,3163
3569,3164
1440,3165
3036,3166
4476,3167
848,3168
4790,3169
4552,3170
1997,3171
290,3172
2741,3173
3694,3174
1699,3175
718,3176
373,3177
4389,3178
2916,3179
2378,3180
1107,3181
3196,3182
423,3183
1996,3184
3710,3185
2624,3186
3434,3187
4284,3188
3093,3189
3712,3190
1444,3191
4679,3192
830,3193
2484,3194
2380,3195
1436,3196
192,3197
3240,3198
440,3199
4210,3200
1417,3201
20,3202
1326,3203
2454,3204
320,3205
3167,3206
3381,3207
1112,3208
4675,3209
3334,3210
1195,3211
4831,3212
1280,3213
3065,3214
2151,3215
1887,3216
95,3217
4677,3218
1056,3219
2785,3220
2877,3221
2106,3222
1499,3223
3274,3224
2657,3225
4814,3226
2272,3227
3994,3228
1539,3229
3518,3230
4837,3231
2910,3232
3215,3233
1739,3234
1473,3235
1325,3236
3869,3237
3498,3238
4081,3239
1997,3240
2083,3241
2882,3242
3060,3243
4670,3244
544,3245
4921,3246
3338,3247
597,3248
522,3249
2605,3250
136,3251
4673,3252
2375,3253
2270,3254
285,3255
464,3256
3127,3257
2378,3258
3479,3259
2498,3260
240,3261
143,3262
981,3263
4692,3264
4463,3265
3412,3266
3126,3267
957,3268
820,3269
3783,3270
3599,3271
2476,3272
254,3273
615,3274
4360,3275
4511,3276
2698,3277
3195,3278
311,3279
684,3280
1055,3281
904,3282
763,3283
3203,3284
3124,3285
2933,3286
257,3287
3921,3288
1303,3289
1345,3290
1800,3291
1541,3292
2439,3293
4123,3294
4728,3295
3021,3296
4082,3297
4088,3298
4646,3299
4425,3300
3359,3301
2151,3302
2209,3303
2990,3304
4379,3305
4640,3306
1479,3307
2483,3308
71,3309
1591,3310
503,3311
3959,3312
487,3313
581,3314
2904,3315
3231,3316
3555,3317
3150,3318
3311,3319
1588,3320
2818,3321
1867,3322
2132,3323
4346,3324
1841,3325
2849,3326
245,3327
1841,3328
455,3329
1030,3330
0,3331
3983,3332
3651,3333
1874,3334
884,3335
1018,3336
659,3337
1451,3338
4808,3339
2929,3340
4694,3341
1367,3342
4034,3343
1235,3344
570,3345
1748,3346
3807,3347
4623,3348
173,3349
178,3350
1016,3351
2921,3352
4567,3353
1079,3354
1402,3355
1994,3356
1701,3357
4857,3358
2413,3359
1279,3360
3423,3361
4607,3362
2645,3363
1367,3364
4490,3365
1663,3366
595,3367
4489,3368
4646,3369
1232,3370
3444,3371
1170,3372
1240,3373
3920,3374
1646,3375
3043,3376
1247,3377
142,3378
2826,3379
656,3380
3194,3381
2472,3382
3492,3383
3113,3384
1831,3385
1918,3386
155,3387
3308,3388
4652,3389
940,3390
3943,3391
1055,3392
2753,3393
1570,3394
3461,3395
666,3396
2764,3397
4895,3398
4419,3399
2890,3400
3770,3401
1672,3402
10,3403
558,3404
900,3405
3260,3406
4534,3407
733,3408
886,3409
123,3410
1646,3411
84,3412
424,3413
3097,3414
4642,3415
4739,3416
4857,3417
2471,3418
79,3419
1785,3420
3342,3421
1201,3422
1019,3423
3890,3424
2838,3425
4944,3426
983,3427
4559,3428
2392,3429
2201,3430
3599,3431
4326,3432
1226,3433
962,3434
4946,3435
3588,3436
4322,3437
763,3438
1328,3439
3537,3440
1920,3441
3490,3442
3581,3443
539,3444
3850,3445
4485,3446
2794,3447
4816,3448
2205,3449
2090,3450
3292,3451
3184,3452
4314,3453
2113,3454
2178,3455
1616,3456
4813,3457
4600,3458
2579,3459
3543,3460
4966,3461
2989,3462
4652,3463
1220,3464
252,3465
3911,3466
1333,3467
1252,3468
4140,3469
3172,3470
4276,3471
1976,3472
2965,3473
1131,3474
151,3475
3292,3476
2158,3477
1842,3478
1877,3479
4968,3480
2869,3481
4392,3482
4877,3483
4346,3484
1888,3485
4924,3486
4892,3487
4528,3488
4903,3489
3499,3490
498,3491
1634,3492
4575,3493
3444,3494
4077,3495
2780,3496
3016,3497
1702,3498
4587,3499
503,3500
607,3501
4120,3502
4883,3503
2209,3504
3516,3505
487,3506
3203,3507
3960,3508
4084,3509
211,3510
707,3511
3074,3512
1910,3513
129,3514
3511,3515
3894,3516
2449,3517
417,3518
800,3519
2499,3520
4243,3521
560,3522
1283,3523
1662,3524
739,3525
2638,3526
463,3527
704,3528
847,3529
2600,3530
4579,3531
3605,3532
4134,3533
1718,3534
3732,3535
2557,3536
125,3537
2606,3538
3666,3539
3614,3540
4181,3541
2869,3542
1459,3543
734,3544
2994,3545
1132,3546
1301,3547
4701,3548
3325,3549
2320,3550
943,3551
680,3552
4522,3553
3664,3554
4119,3555
854,3556
3641,3557
4586,3558
3789,3559
1229,3560
3520,3561
3060,3562
3981,3563
597,3564
510,3565
2783,3566
1128,3567
1499,3568
1633,3569
550,3570
4611,3571
2190,3572
2512,3573
4747,3574
2069,3575
325,3576
1321,3577
1426,3578
1709,3579
3238,3580
1667,3581
1658,3582
2344,3583
615,3584
1451,3585
762,3586
3358,3587
1120,3588
4770,3589
1656,3590
1996,3591
1254,3592
2732,3593
731,3594
1738,3595
2295,3596
3849,3597
3130,3598
2326,3599
3380,3600
752,3601
514,3602
2303,3603
2841,3604
3126,3605
3530,3606
2002,3607
703,3608
2914,3609
4690,3610
199,3611
282,3612
91,3613
566,3614
4595,3615
945,3616
2167,3617
583,3618
3751,3619
2468,3620
2685,3621
681,3622
2583,3623
3088,3624
1795,3625
3269,3626
58,3627
460,3628
1815,3629
39,3630
3711,3631
3575,3632
3353,3633
2112,3634
4669,3635
4399,3636
2398,3637
2669,3638
2890,3639
3314,3640
390,3641
2260,3642
4,3643
2432,3644
2854,3645
2997,3646
3738,3647
3518,3648
1941,3649
1038,3650
2442,3651
4115,3652
2714,3653
4605,3654
1475,3655
2461,3656
460,3657
4041,3658
588,3659
1740,3660
3151,3661
2960,3662
4787,3663
141,3664
1940,3665
2608,3666
3294,3667
3431,3668
3857,3669
2481,3670
1060,3671
1961,3672
4004,3673
1537,3674
4523,3675
3761,3676
139,3677
423,3678
1546,3679
1389,3680
4286,3681
3040,3682
2032,3683
596,3684
834,3685
1299,3686
562,3687
3277,3688
1503,3689
3239,3690
56,3691
542,3692
4674,3693
970,3694
4352,3695
3981,3696
2642,3697
859,3698
3241,3699
3594,3700
3414,3701
3569,3702
4528,3703
2146,3704
2829,3705
3449,3706
4445,3707
572,3708
587,3709
2002,3710
4005,3711
1694,3712
369,3713
4444,3714
3384,3715
4360,3716
1197,3717
1971,3718
2388,3719
79,3720
13,3721
4528,3722
96,3723
2034,3724
1095,3725
4431,3726
1145,3727
4144,3728
4091,3729
1129,3730
990,3731
2151,3732
2710,3733
2923,3734
119,3735
837,3736
1336,3737
3155,3738
4329,3739
1162,3740
2878,3741
4881,3742
4651,3743
1891,3744
4655,3745
1570,3746
3283,3747
1342,3748
4066,3749
518,3750
2272,3751
2404,3752
4565,3753
3859,3754
4233,3755
3257,3756
663,3757
151,3758
2308,3759
2990,3760
358,3761
2441,3762
3727,3763
1623,3764
3529,3765
575,3766
3160,3767
2579,3768
1925,3769
2104,3770
4600,3771
2874,3772
1371,3773
1650,3774
4803,3775
2625,3776
1487,3777
2204,3778
2241,3779
1263,3780
1050,3781
988,3782
303,3783
1835,3784
160,3785
4233,3786
1365,3787
4771,3788
1337,3789
3033,3790
385,3791
541,3792
4427,3793
1043,3794
1865,3795
4545,3796
2901,3797
710,3798
4604,3799
1140,3800
1917,3801
4143,3802
17,3803
4157,3804
4578,3805
3757,3806
3390,3807
2090,3808
3970,3809
3055,3810
4857,3811
91,3812
4388,3813
1932,3814
1160,3815
2173,3816
3453,3817
3697,3818
452,3819
2175,3820
1430,3821
1246,3822
4905,3823
4248,3824
2891,3825
1112,3826
230,3827
1877,3828
2117,3829
479,3830
3019,3831
1031,3832
1080,3833
2576,3834
317,3835
2026,3836
3100,3837
1267,3838
2587,3839
4430,3840
4199,3841
470,3842
3571,3843
4393,3844
424,3845
3870,3846
1108,3847
3377,3848
693,3849
2812,3850
341,3851
3165,3852
4429,3853
573,3854
851,3855
1036,3856
2126,3857
1808,3858
454,3859
2764,3860
1823,3861
3947,3862
3468,3863
508,3864
4157,3865
4516,3866
4091,3867
66,3868
3913,3869
4507,3870
4402,3871
3148,3872
2551,3873
1126,3874
2136,3875
3801,3876
2951,3877
4995,3878
2818,3879
1736,3880
3896,3881
2649,3882
3648,3883
4182,3884
991,3885
1471,3886
656,3887
3428,3888
3523,3889
1090,3890
1744,3891
2942,3892
1851,3893
905,3894
447,3895
4980,3896
2861,3897
3755,3898
372,3899
892,3900
2896,3901
1942,3902
500,3903
3164,3904
3857,3905
858,3906
847,3907
3068,3908
4385,3909
3227,3910
2363,3911
1921,3912
4189,3913
1313,3914
3750,3915
1930,3916
115,3917
179,3918
4431,3919
238,3920
2778,3921
4662,3922
3821,3923
2738,3924
3746,3925
1634,3926
1357,3927
1766,3928
3399,3929
3356,3930
4807,3931
1857,3932
1417,3933
2764,3934
545,3935
3279,3936
342,3937
1703,3938
2185,3939
2769,3940
2349,3941
973,3942
2686,3943
1341,3944
2580,3945
588,3946
3663,3947
3672,3948
4786,3949
777,3950
3849,3951
2282,3952
4716,3953
1549,3954
1204,3955
2241,3956
459,3957
4901,3958
2550,3959
4859,3960
356,3961
824,3962
709,3963
3456,3964
2917,3965
2468,3966
3376,3967
4173,3968
909,3969
4911,3970
3342,3971
4065,3972
2612,3973
3946,3974
3300,3975
2603,3976
3302,3977
696,3978
866,3979
104,3980
4091,3981
3595,3982
3726,3983
3897,3984
2985,3985
2631,3986
742,3987
3354,3988
2119,3989
427,3990
1449,3991
2923,3992
3683,3993
3806,3994
4821,3995
1794,3996
435,3997
2742,3998
4946,3999
869,4000
4615,4001
2458,4002
2805,4003
4811,4004
261,4005
1049,4006
1052,4007
1923,4008
4042,4009
3712,4010
3351,4011
4299,4012
623,4013
4966,4014
2252,4015
4586,4016
824,4017
274,4018
3194,4019
1446,4020
3021,4021
4587,4022
2190,4023
3109,4024
2172,4025
4854,4026
1608,4027
230,4028
3604,4029
4339,4030
4494,4031
4792,4032
2659,4033
3695,4034
590,4035
264,4036
3048,4037
1306,4038
1175,4039
4831,4040
2121,4041
4666,4042
3095,4043
521,4044
4893,4045
236,4046
2582,4047
1078,4048
4410,4049
521,4050
4817,4051
1868,4052
1862,4053
1526,4054
854,4055
1761,4056
2745,4057
2129,4058
4837,4059
1845,4060
2120,4061
482,4062
2892,4063
4469,4064
914,4065
1463,4066
3474,4067
3784,4068
2158,4069
510,4070
3052,4071
924,4072
131,4073
902,4074
4938,4075
1281,4076
1381,4077
277,4078
762,4079
2492,4080
1734,4081
10,4082
4890,4083
2012,4084
1969,4085
3859,4086
2993,4087
528,4088
679,4089
4159,4090
2813,4091
2846,4092
2734,4093
3516,4094
1118,4095
1644,4096
155,4097
2793,4098
2928,4099
650,4100
1903,4101
3277,4102
3564,4103
932,4104
3462,4105
1837,4106
1279,4107
4395,4108
657,4109
3136,4110
4208,4111
1989,4112
3780,4113
3573,4114
4061,4115
2959,4116
3831,4117
2435,4118
4270,4119
1658,4120
256,4121
951,4122
1312,4123
3274,4124
4078,4125
1017,4126
3593,4127
1038,4128
351,4129
4078,4130
353,4131
2414,4132
898,4133
3214,4134
966,4135
1471,4136
1893,4137
2366,4138
1903,4139
1392,4140
14,4141
3798,4142
1401,4143
2880,4144
4221,4145
2107,4146
3764,4147
4645,4148
735,4149
4741,4150
4341,4151
3573,4152
4172,4153
642,4154
3404,4155
1760,4156
1361,4157
3256,4158
3959,4159
1995,4160
894,4161
13,4162
4605,4163
309,4164
0,4165
513,4166
2419,4167
4804,4168
3870,4169
1274,4170
2857,4171
3624,4172
3711,4173
294,4174
3060,4175
3390,4176
3833,4177
2868,4178
4964,4179
1565,4180
4002,4181
4258,4182
3031,4183
2116,4184
938,4185
4663,4186
1452,4187
289,4188
4431,4189
4849,4190
1120,4191
2,4192
422,4193
3767,4194
3987,4195
2710,4196
4832,4197
4823,4198
978,4199
1844,4200
1337,4201
3288,4202
741,4203
4322,4204
3193,4205
3057,4206
1026,4207
1006,4208
4247,4209
583,4210
1231,4211
2536,4212
4160,4213
625,4214
28,4215
709,4216
4707,4217
2094,4218
4629,4219
4900,4220
2879,4221
4925,4222
4067,4223
4691,4224
1522,4225
2683,4226
4723,4227
3138,4228
1426,4229
2304,4230
1364,4231
966,4232
375,4233
3841,4234
644,4235
1598,4236
2334,4237
2382,4238
250,4239
4945,4240
1015,4241
2212,4242
4781,4243
1397,4244
1583,4245
3995,4246
2003,4247
120,4248
502,4249
3073,4250
514,4251
1802,4252
4105,4253
3771,4254
3465,4255
951,4256
543,4257
338,4258
2950,4259
16,4260
2399,4261
923,4262
3712,4263
2363,4264
1023,4265
180,4266
966,4267
1317,4268
2662,4269
77,4270
2269,4271
502,4272
4658,4273
4004,4274
1301,4275
1773,4276
378,4277
735,4278
956,4279
3758,4280
4860,4281
4901,4282
3016,4283
370,4284
1662,4285
3948,4286
3233,4287
3278,4288
1488,4289
2651,4290
891,4291
1433,4292
4887,4293
3328,4294
4343,4295
4154,4296
3330,4297
314,4298
2706,4299
1039,4300
2648,4301
2336,4302
2195,4303
1518,4304
488,4305
4903,4306
2888,4307
479,4308
3607,4309
3598,4310
2688,4311
4191,4312
652,4313
1404,4314
2210,4315
4669,4316
4133,4317
1400,4318
779,4319
3239,4320
2050,4321
1295,4322
2499,4323
2197,4324
2129,4325
4848,4326
3696,4327
4444,4328
1768,4329
883,4330
4696,4331
187,4332
2533,4333
3676,4334
4891,4335
4729,4336
192,4337
3604,4338
4629,4339
931,4340
1230,4341
3367,4342
143,4343
3850,4344
1374,4345
2686,4346
1318,4347
3746,4348
1719,4349
4806,4350
1288,4351
1531,4352
336,4353
1693,4354
4630,4355
4947,4356
997,4357
3251,4358
1972,4359
3376,4360
4928,4361
4214,4362
1537,4363
753,4364
4020,4365
2115,4366
613,4367
877,4368
4770,4369
4667,4370
781,4371
1554,4372
2632,4373
4971,4374
4176,4375
4383,4376
4083,4377
2594,4378
4244,4379
4098,4380
2412,4381
2638,4382
4840,4383
33,4384
3607,4385
4542,4386
2275,4387
3155,4388
3989,4389
4856,4390
3954,4391
599,4392
3994,4393
3619,4394
3421,4395
3002,4396
4694,4397
2165,4398
3482,4399
4069,4400
4767,4401
2869,4402
3111,4403
1484,4404
908,4405
2241,4406
2307,4407
4119,4408
1515,4409
4016,4410
4861,4411
1724,4412
1691,4413
3329,4414
2458,4415
2921,4416
1762,4417
4753,4418
3258,4419
2238,4420
1342,4421
3479,4422
595,4423
1912,4424
3383,4425
4915,4426
3123,4427
4286,4428
4066,4429
945,4430
1177,4431
1935,4432
2799,4433
3370,4434
724,4435
4384,4436
1747,4437
914,4438
3137,4439
4177,4440
4485,4441
2698,4442
480,4443
4593,4444
4644,4445
566,4446
4583,4447
3316,4448
1206,4449
2975,4450
4948,4451
4315,4452
738,4453
1009,4454
3302,4455
3084,4456
974,4457
1181,4458
1236,4459
2044,4460
2049,4461
2944,4462
3411,4463
3635,4464
4193,4465
2953,4466
1643,4467
3743,4468
3660,4469
1501,4470
3338,4471
2414,4472
362,4473
645,4474
1550,4475
232,4476
3904,4477
2110,4478
358,4479
1154,4480
3206,4481
4943,4482
3008,4483
3915,4484
4417,4485
2702,4486
4172,4487
3258,4488
3344,4489
4002,4490
991,4491
1268,4492
4594,4493
4369,4494
1215,4495
1914,4496
4517,4497
3306,4498
2100,4499
744,4500
4568,4501
531,4502
181,4503
4942,4504
1945,4505
1835,4506
1478,4507
1306,4508
287,4509
1849,4510
2863,4511
3482,4512
3703,4513
4890,4514
3519,4515
4085,4516
226,4517
1941,4518
812,4519
2954,4520
996,4521
1745,4522
1604,4523
2503,4524
2574,4525
613,4526
2174,4527
563,4528
1164,4529
2262,4530
1361,4531
3212,4532
2030,4533
3419,4534
826,4535
4536,4536
4459,4537
620,4538
1865,4539
910,4540
3968,4541
4149,4542
1644,4543
1925,4544
2612,4545
3951,4546
4969,4547
2098,4548
4685,4549
4999,4550
1039,4551
1534,4552
2243,4553
803,4554
3100,4555
2013,4556
2012,4557
4251,4558
2008,4559
2831,4560
3582,4561
2612,4562
63,4563
4426,4564
2535,4565
3822,4566
3498,4567
4580,4568
783,4569
4191,4570
846,4571
1389,4572
3363,4573
2677,4574
1050,4575
1090,4576
1338,4577
1279,4578
3077,4579
1506,4580
388,4581
1739,4582
1348,4583
1955,4584
3845,4585
3463,4586
1951,4587
4781,4588
669,4589
211,4590
3451,4591
4421,4592
1210,4593
2813,4594
3697,4595
4234,4596
4970,4597
692,4598
3125,4599
4643,4600
4925,4601
2877,4602
2510,4603
982,4604
3473,4605
2447,4606
2363,4607
2921,4608
724,4609
689,4610
83,4611
956,4612
820,4613
3081,4614
1204,4615
3779,4616
3537,4617
3206,4618
2252,4619
623,4620
3272,4621
2423,4622
1490,4623
2310,4624
2360,4625
801,4626
3236,4627
1645,4628
3968,4629
4387,4630
217,4631
772,4632
3071,4633
4365,4634
4296,4635
2642,4636
1649,4637
4179,4638
4431,4639
515,4640
1271,4641
830,4642
2684,4643
2192,4644
3303,4645
354,4646
4622,4647
630,4648
263,4649
3520,4650
1363,4651
4892,4652
3102,4653
1276,4654
2643,4655
4097,4656
4449,4657
4287,4658
4026,4659
4051,4660
1081,4661
86,4662
2049,4663
256,4664
2994,4665
4943,4666
2765,4667
4736,4668
3644,4669
3114,4670
1605,4671
3416,4672
2030,4673
885,4674
503,4675
3463,4676
165,4677
1406,4678
2699,4679
2251,4680
2112,4681
899,4682
1085,4683
3236,4684
2222,4685
684,4686
198,4687
471,4688
1933,4689
3223,4690
1011,4691
227,4692
1363,4693
2130,4694
3699,4695
1383,4696
2816,4697
1020,4698
3292,4699
2161,4700
2082,4701
2011,4702
862,4703
3191,4704
2582,4705
1278,4706
2141,4707
4688,4708
3437,4709
4956,4710
1546,4711
2915,4712
2899,4713
1370,4714
1946,4715
2710,4716
1712,4717
135,4718
388,4719
4559,4720
187,4721
914,4722
3022,4723
3742,4724
2665,4725
2850,4726
3823,4727
3200,4728
4065,4729
3884,4730
838,4731
692,4732
4394,4733
4967,4734
2849,4735
4672,4736
1522,4737
3843,4738
3238,4739
52,4740
1975,4741
4412,4742
2524,4743
1181,4744
1993,4745
3075,4746
4377,4747
2074,4748
3254,4749
4452,4750
1676,4751
1690,4752
739,4753
664,4754
1252,4755
4067,4756
4097,4757
4203,4758
294,4759
2163,4760
4076,4761
2294,4762
994,4763
394,4764
4404,4765
4062,4766
358,4767
4772,4768
4384,4769
4409,4770
1577,4771
4522,4772
748,4773
4519,4774
176,4775
1546,4776
4010,4777
4150,4778
2058,4779
1017,4780
2061,4781
4908,4782
2695,4783
2799,4784
1910,4785
944,4786
2596,4787
931,4788
3027,4789
1600,4790
4080,4791
3657,4792
410,4793
3059,4794
4809,4795
4434,4796
2561,4797
4527,4798
3966,4799
891,4800
2936,4801
2035,4802
1502,4803
3203,4804
3772,4805
2877,4806
2055,4807
3665,4808
3228,4809
2076,4810
1743,4811
2747,4812
360,4813
3166,4814
2068,4815
4191,4816
2284,4817
690,4818
3535,4819
4077,4820
1664,4821
2303,4822
4884,4823
3642,4824
546,4825
4978,4826
4018,4827
2085,4828
1169,4829
2746,4830
3209,4831
2972,4832
1355,4833
1998,4834
3206,4835
3799,4836
3934,4837
237,4838
4768,4839
1299,4840
3698,4841
3028,4842
2133,4843
1863,4844
4780,4845
3211,4846
1756,4847
3242,4848
2700,4849
3527,4850
2660,4851
729,4852
1879,4853
4784,4854
1914,4855
2469,4856
3060,4857
1715,4858
1686,4859
778,4860
2323,4861
3720,4862
870,4863
3264,4864
512,4865
1509,4866
2016,4867
3260,4868
1339,4869
1615,4870
692,4871
4775,4872
3650,4873
3399,4874
3582,4875
1949,4876
3075,4877
4882,4878
527,4879
454,4880
2430,4881
359,4882
3612,4883
4536,4884
4497,4885
3484,4886
2635,4887
4234,4888
1914,4889
1687,4890
2029,4891
1274,4892
439,4893
416,4894
3214,4895
670,4896
504,4897
1221,4898
4573,4899
253,4900
3130,4901
3756,4902
3074,4903
3046,4904
2084,4905
1444,4906
3858,4907
1150,4908
4221,4909
804,4910
3243,4911
3278,4912
3467,4913
1833,4914
4366,4915
4794,4916
2229,4917
3570,4918
831,4919
3834,4920
2625,4921
1342,4922
1053,4923
4308,4924
190,4925
3531,4926
216,4927
918,4928
3586,4929
2832,4930
4061,4931
4912,4932
1427,4933
3132,4934
3155,4935
4799,4936
2113,4937
4748,4938
1488,4939
3410,4940
2833,4941
2624,4942
2451,4943
455,4944
4403,4945
3101,4946
4354,4947
1742,4948
4500,4949
2995,4950
1301,4951
2132,4952
2915,4953
1399,4954
2737,4955
1705,4956
383,4957
2601,4958
3092,4959
3209,4960
759,4961
1950,4962
3551,4963
4549,4964
4911,4965
2998,4966
398,4967
106,4968
784,4969
3222,4970
1936,4971
2696,4972
4808,4973
238,4974
3605,4975
4084,4976
3365,4977
3580,4978
4162,4979
2677,4980
789,4981
902,4982
2389,4983
2609,4984
1176,4985
2019,4986
2366,4987
3432,4988
4603,4989
353,4990
3996,4991
1327,4992
646,4993
1094,4994
1771,4995
709,4996
2702,4997
3562,4998
4483,4999
3297,5000
4314,5001
2923,5002
1891,5003
3296,5004
257,5005
735,5006
2601,5007
2075,5008
2841,5009
893,5010
1699,5011
4006,5012
4105,5013
2388,5014
2568,5015
1121,5016
3871,5017
4857,5018
2311,5019
66,5020
4682,5021
1115,5022
1781,5023
695,5024
3376,5025
4457,5026
1450,5027
1631,5028
2295,5029
4985,5030
1484,5031
545,5032
2375,5033
3107,5034
4089,5035
931,5036
1037,5037
3563,5038
2768,5039
2508,5040
4376,5041
2801,5042
3791,5043
3713,5044
2976,5045
2852,5046
4318,5047
4307,5048
1305,5049
1065,5050
1714,5051
1734,5052
2691,5053
1928,5054
2649,5055
2193,5056
3924,5057
3606,5058
4139,5059
1604,5060
2091,5061
787,5062
446,5063
2749,5064
622,5065
1933,5066
657,5067
4809,5068
3275,5069
2177,5070
3337,5071
3392,5072
3394,5073
3440,5074
2758,5075
4360,5076
1272,5077
463,5078
2062,5079
2055,5080
4205,5081
516,5082
4967,5083
3693,5084
2118,5085
4599,5086
376,5087
4751,5088
2883,5089
2654,5090
2207,5091
724,5092
3385,5093
2607,5094
4980,5095
2170,5096
1335,5097
1225,5098
4291,5099
1441,5100
3420,5101
1914,5102
2789,5103
3774,5104
4430,5105
3489,5106
3943,5107
2840,5108
3852,5109
1860,5110
1048,5111
4150,5112
716,5113
4394,5114
3703,5115
3918,5116
4860,5117
2761,5118
601,5119
3214,5120
1156,5121
2200,5122
1366,5123
4653,5124
2489,5125
1318,5126
2131,5127
4906,5128
1891,5129
2584,5130
4840,5131
3587,5132
4007,5133
2581,5134
2323,5135
1743,5136
420,5137
2228,5138
1355,5139
147,5140
3138,5141
3268,5142
285,5143
1383,5144
2573,5145
1306,5146
2969,5147
3274,5148
3341,5149
278,5150
2949,5151
4056,5152
3432,5153
2205,5154
3199,5155
330,5156
4076,5157
2319,5158
1678,5159
3885,5160
401,5161
385,5162
2240,5163
1776,5164
1597,5165
3627,5166
4204,5167
538,5168
1581,5169
4594,5170
1545,5171
1129,5172
1242,5173
1198,5174
4125,5175
1667,5176
1688,5177
1101,5178
1870,5179
4864,5180
208,5181
3709,5182
723,5183
1077,5184
174,5185
932,5186
3506,5187
4369,5188
2354,5189
2058,5190
2298,5191
1738,5192
2298,5193
2893,5194
1338,5195
3656,5196
3765,5197
1195,5198
3880,5199
1960,5200
1993,5201
4587,5202
1138,5203
1137,5204
2365,5205
4507,5206
2087,5207
1682,5208
4031,5209
1514,5210
2037,5211
2441,5212
453,5213
3958,5214
731,5215
1516,5216
151,5217
118,5218
776,5219
530,5220
354,5221
1032,5222
2218,5223
690,5224
4214,5225
4315,5226
239,5227
4698,5228
1224,5229
3830,5230
3326,5231
4776,5232
3479,5233
3678,5234
173,5235
2548,5236
4914,5237
1858,5238
851,5239
3395,5240
263,5241
4281,5242
975,5243
4220,5244
4757,5245
2386,5246
1222,5247
405,5248
4314,5249
2026,5250
472,5251
1366,5252
2461,5253
4897,5254
379,5255
4484,5256
2859,5257
3620,5258
1478,5259
1070,5260
4813,5261
3587,5262
3574,5263
1779,5264
4896,5265
4219,5266
4227,5267
1409,5268
2146,5269
2428,5270
3138,5271
710,5272
3274,5273
2195,5274
4587,5275
4530,5276
663,5277
3272,5278
1172,5279
737,5280
88,5281
3801,5282
4323,5283
3388,5284
2346,5285
1524,5286
2088,5287
977,5288
668,5289
3479,5290
4959,5291
4525,5292
3029,5293
3090,5294
1297,5295
3192,5296
3307,5297
555,5298
3699,5299
4904,5300
4692,5301
2960,5302
4292,5303
4228,5304
2056,5305
3864,5306
4706,5307
866,5308
1868,5309
465,5310
2404,5311
3760,5312
2952,5313
1282,5314
1089,5315
3717,5316
497,5317
761,5318
3830,5319
2304,5320
3319,5321
1789,5322
483,5323
4327,5324
3607,5325
293,5326
4038,5327
4136,5328
3272,5329
2022,5330
3101,5331
3411,5332
3497,5333
231,5334
4808,5335
3709,5336
992,5337
2119,5338
3787,5339
3117,5340
748,5341
3493,5342
4287,5343
497,5344
3971,5345
2006,5346
2609,5347
3897,5348
1211,5349
2433,5350
1624,5351
586,5352
2268,5353
1966,5354
2034,5355
4843,5356
1459,5357
2825,5358
2742,5359
3570,5360
3432,5361
4059,5362
3587,5363
2551,5364
2752,5365
2696,5366
3270,5367
4719,5368
1443,5369
1073,5370
4327,5371
3450,5372
2238,5373
970,5374
4908,5375
3397,5376
24,5377
2668,5378
4979,5379
4246,5380
1064,5381
4212,5382
3131,5383
4982,5384
4444,5385
816,5386
1659,5387
3009,5388
1203,5389
1816,5390
96,5391
3519,5392
2683,5393
2970,5394
4122,5395
2958,5396
2018,5397
3364,5398
639,5399
2453,5400
1568,5401
3173,5402
3557,5403
2833,5404
3530,5405
1715,5406
2659,5407
4739,5408
3096,5409
1181,5410
2432,5411
4975,5412
3607,5413
1913,5414
4657,5415
1453,5416
718,5417
190,5418
2406,5419
3090,5420
3740,5421
1242,5422
357,5423
4367,5424
4464,5425
3924,5426
3892,5427
3680,5428
2270,5429
2386,5430
3723,5431
2429,5432
4671,5433
3019,5434
974,5435
1740,5436
4841,5437
38,5438
1470,5439
1803,5440
4154,5441
3728,5442
4327,5443
1882,5444
2433,5445
2904,5446
2730,5447
1166,5448
3843,5449
4030,5450
2204,5451
1030,5452
2849,5453
1334,5454
2285,5455
2320,5456
3343,5457
2472,5458
1713,5459
2884,5460
2077,5461
3579,5462
817,5463
3903,5464
4026,5465
1308,5466
3569,5467
4904,5468
1403,5469
2267,5470
3738,5471
814,5472
1087,5473
3174,5474
3625,5475
175,5476
4925,5477
4922,5478
2573,5479
3905,5480
3683,5481
3544,5482
1389,5483
4620,5484
407,5485
3341,5486
3022,5487
117,5488
2545,5489
1199,5490
3024,5491
1675,5492
2831,5493
3774,5494
3289,5495
1924,5496
2158,5497
4056,5498
1063,5499
3384,5500
4639,5501
2451,5502
1513,5503
4812,5504
3526,5505
174,5506
2526,5507
711,5508
731,5509
423,5510
99,5511
1480,5512
149,5513
205,5514
2400,5515
3796,5516
688,5517
2934,5518
3739,5519
1780,5520
534,5521
1777,5522
2418,5523
4388,5524
3978,5525
4876,5526
1756,5527
4796,5528
4733,5529
2894,5530
3839,5531
1609,5532
4157,5533
4413,5534
4835,5535
1244,5536
4840,5537
1177,5538
1349,5539
4625,5540
3348,5541
4990,5542
4843,5543
2072,5544
729,5545
2804,5546
3254,5547
399,5548
2476,5549
3618,5550
3098,5551
1029,5552
1653,5553
2837,5554
2926,5555
1463,5556
961,5557
2676,5558
4425,5559
2078,5560
2135,5561
4831,5562
4530,5563
2150,5564
1222,5565
3810,5566
207,5567
4838,5568
2364,5569
3590,5570
1470,5571
3222,5572
4408,5573
3447,5574
3438,5575
4059,5576
3424,5577
2622,5578
1422,5579
4693,5580
114,5581
2432,5582
603,5583
4689,5584
4598,5585
2563,5586
3549,5587
2038,5588
3146,5589
2151,5590
1513,5591
4754,5592
1051,5593
2010,5594
4192,5595
468,5596
3449,5597
594,5598
3534,5599
1955,5600
2227,5601
2429,5602
2850,5603
1790,5604
3502,5605
156,5606
3899,5607
769,5608
1977,5609
2370,5610
1232,5611
253,5612
1979,5613
3360,5614
3719,5615
3391,5616
354,5617
2508,5618
2190,5619
462,5620
949,5621
1684,5622
2644,5623
4177,5624
3354,5625
1471,5626
2943,5627
630,5628
4223,5629
4716,5630
4407,5631
2643,5632
396,5633
2784,5634
1968,5635
3007,5636
174,5637
4586,5638
2211,5639
3073,5640
2461,5641
4065,5642
4229,5643
4543,5644
4766,5645
3852,5646
3917,5647
392,5648
4185,5649
1944,5650
890,5651
4713,5652
3235,5653
2956,5654
3025,5655
2234,5656
2683,5657
856,5658
2498,5659
3705,5660
2392,5661
1832,5662
930,5663
397,5664
744,5665
1868,5666
705,5667
4004,5668
98,5669
267,5670
3909,5671
3612,5672
3507,5673
2970,5674
2925,5675
564,5676
1020,5677
3353,5678
150,5679
1867,5680
2754,5681
4382,5682
4704,5683
1687,5684
1731,5685
1519,5686
3272,5687
4758,5688
2383,5689
4106,5690
2742,5691
3888,5692
2499,5693
3471,5694
1712,5695
1922,5696
3798,5697
1084,5698
629,5699
1115,5700
4359,5701
895,5702
1610,5703
2497,5704
188,5705
4118,5706
4271,5707
260,5708
1124,5709
1593,5710
433,5711
3433,5712
3413,5713
1518,5714
992,5715
2367,5716
726,5717
739,5718
1810,5719
877,5720
325,5721
2991,5722
4678,5723
2840,5724
4608,5725
32,5726
689,5727
129,5728
1159,5729
2125,5730
523,5731
588,5732
639,5733
3741,5734
2945,5735
313,5736
3304,5737
1661,5738
1243,5739
1982,5740
423,5741
4820,5742
1135,5743
4497,5744
2139,5745
4345,5746
1948,5747
1586,5748
3243,5749
1971,5750
3343,5751
2774,5752
3605,5753
3751,5754
2944,5755
812,5756
4944,5757
2844,5758
2764,5759
658,5760
194,5761
2690,5762
2971,5763
4696,5764
3850,5765
1709,5766
2147,5767
4635,5768
1910,5769
4574,5770
3482,5771
2138,5772
3916,5773
3673,5774
3152,5775
2612,5776
4708,5777
1967,5778
2529,5779
3319,5780
3979,5781
3900,5782
1382,5783
449,5784
2016,5785
2801,5786
3756,5787
41,5788
2475,5789
1627,5790
2690,5791
2174,5792
3864,5793
4880,5794
942,5795
142,5796
15,5797
4448,5798
3927,5799
328,5800
1254,5801
1825,5802
4412,5803
361,5804
1084,5805
3481,5806
2546,5807
1345,5808
2335,5809
4191,5810
697,5811
854,5812
1829,5813
4609,5814
647,5815
3775,5816
4630,5817
957,5818
3787,5819
466,5820
1440,5821
2900,5822
2594,5823
181,5824
1360,5825
2674,5826
3019,5827
4711,5828
2854,5829
4054,5830
3710,5831
3359,5832
3009,5833
4023,5834
2288,5835
2507,5836
3822,5837
4427,5838
3080,5839
577,5840
4204,5841
2105,5842
1292,5843
201,5844
530,5845
1735,5846
131,5847
2255,5848
438,5849
4677,5850
804,5851
4476,5852
1583,5853
4335,5854
1676,5855
22,5856
1579,5857
861,5858
4987,5859
1491,5860
4961,5861
3478,5862
567,5863
1505,5864
502,5865
4527,5866
3670,5867
4471,5868
3971,5869
3200,5870
88,5871
4907,5872
404,5873
670,5874
321,5875
1733,5876
3481,5877
1425,5878
1442,5879
730,5880
3177,5881
2574,5882
2144,5883
1682,5884
2441,5885
869,5886
626,5887
2050,5888
2816,5889
627,5890
2358,5891
520,5892
1141,5893
3992,5894
3803,5895
4109,5896
302,5897
4210,5898
3656,5899
3837,5900
1658,5901
1807,5902
3826,5903
3824,5904
807,5905
3885,5906
2489,5907
1716,5908
2091,5909
4844,5910
4035,5911
2784,5912
614,5913
4778,5914
350,5915
4609,5916
4925,5917
4053,5918
4961,5919
3272,5920
2592,5921
2140,5922
2363,5923
4497,5924
3244,5925
4133,5926
481,5927
492,5928
1097,5929
807,5930
1515,5931
990,5932
3772,5933
4632,5934
239,5935
3352,5936
3948,5937
4143,5938
483,5939
2598,5940
2896,5941
1187,5942
1390,5943
3208,5944
1134,5945
1337,5946
2055,5947
4820,5948
1148,5949
4928,5950
1619,5951
1168,5952
586,5953
4719,5954
1074,5955
2588,5956
4446,5957
2573,5958
3362,5959
4301,5960
685,5961
31,5962
2281,5963
1578,5964
544,5965
1437,5966
654,5967
4457,5968
371,5969
4692,5970
1152,5971
882,5972
902,5973
1076,5974
4356,5975
4650,5976
1264,5977
4682,5978
2266,5979
904,5980
3710,5981
262,5982
3776,5983
339,5984
3871,5985
4837,5986
4452,5987
3841,5988
3130,5989
3823,5990
3429,5991
2328,5992
4045,5993
1681,5994
3866,5995
3160,5996
2542,5997
227,5998
1608,5999
3222,6000
4749,6001
2635,6002
4791,6003
4721,6004
2120,6005
383,6006
1917,6007
4135,6008
3612,6009
3574,6010
2840,6011
1360,6012
4986,6013
2718,6014
135,6015
377,6016
2142,6017
1285,6018
464,6019
1537,6020
3120,6021
1235,6022
3235,6023
215,6024
1135,6025
4942,6026
1757,6027
1320,6028
4144,6029
2556,6030
4132,6031
4780,6032
2874,6033
44,6034
1729,6035
1786,6036
1084,6037
3229,6038
3592,6039
3359,6040
748,6041
3676,6042
3528,6043
825,6044
600,6045
616,6046
1513,6047
2105,6048
656,6049
4120,6050
4727,6051
1595,6052
1617,6053
3522,6054
4019,6055
4503,6056
907,6057
3550,6058
194,6059
779,6060
115,6061
4632,6062
1283,6063
2142,6064
1481,6065
3720,6066
2149,6067
4565,6068
4202,6069
2685,6070
205,6071
1153,6072
4485,6073
1500,6074
1395,6075
1606,6076
1417,6077
933,6078
4717,6079
3155,6080
1404,6081
2533,6082
3033,6083
40,6084
3077,6085
1404,6086
1350,6087
2402,6088
3706,6089
143,6090
1458,6091
2041,6092
3962,6093
726,6094
3781,6095
4594,6096
2946,6097
895,6098
787,6099
4180,6100
4579,6101
0,6102
877,6103
1893,6104
3417,6105
519,6106
512,6107
3428,6108
4717,6109
4060,6110
483,6111
1912,6112
107,6113
1501,6114
4285,6115
3704,6116
2147,6117
3720,6118
355,6119
1544,6120
3795,6121
3732,6122
2045,6123
209,6124
42,6125
231,6126
4833,6127
3408,6128
4702,6129
3992,6130
4053,6131
2436,6132
2246,6133
3133,6134
4200,6135
4852,6136
4496,6137
925,6138
3136,6139
2390,6140
1187,6141
1270,6142
4652,6143
4976,6144
3740,6145
1543,6146
3435,6147
929,6148
1196,6149
838,6150
955,6151
688,6152
1887,6153
4043,6154
602,6155
3395,6156
157,6157
122,6158
4423,6159
2953,6160
285,6161
2683,6162
3368,6163
2535,6164
2508,6165
37,6166
3877,6167
717,6168
969,6169
1685,6170
3994,6171
2473,6172
691,6173
2715,6174
2864,6175
4218,6176
4416,6177
1188,6178
2660,6179
1742,6180
4599,6181
3064,6182
3093,6183
3131,6184
782,6185
1284,6186
2217,6187
2072,6188
539,6189
1608,6190
2248,6191
1396,6192
4158,6193
2297,6194
2294,6195
181,6196
356,6197
3543,6198
1252,6199
4185,6200
4909,6201
1248,6202
1463,6203
3960,6204
4670,6205
3537,6206
3622,6207
1543,6208
3670,6209
4971,6210
2943,6211
1789,6212
2620,6213
2691,6214
3322,6215
1464,6216
2895,6217
4552,6218
3243,6219
3832,6220
4379,6221
3944,6222
2539,6223
466,6224
3297,6225
3578,6226
3927,6227
637,6228
2871,6229
588,6230
3246,6231
3184,6232
2443,6233
1357,6234
502,6235
2368,6236
4611,6237
931,6238
3399,6239
942,6240
4991,6241
493,6242
2013,6243
1566,6244
292,6245
2417,6246
3681,6247
984,6248
3194,6249
3886,6250
4232,6251
850,6252
1654,6253
2434,6254
1057,6255
3858,6256
1479,6257
1093,6258
2610,6259
3488,6260
4988,6261
2507,6262
3531,6263
1465,6264
748,6265
1404,6266
1944,6267
1740,6268
2283,6269
247,6270
4698,6271
1903,6272
810,6273
3585,6274
926,6275
2658,6276
4407,6277
3746,6278
3691,6279
394,6280
1728,6281
31,6282
2871,6283
1534,6284
1523,6285
1304,6286
3561,6287
4293,6288
4104,6289
3938,6290
4040,6291
3341,6292
2844,6293
2501,6294
4522,6295
124,6296
1519,6297
3190,6298
2317,6299
3169,6300
1726,6301
1645,6302
3047,6303
2819,6304
3272,6305
4016,6306
1593,6307
608,6308
3340,6309
4453,6310
1119,6311
2919,6312
2912,6313
4194,6314
4217,6315
1637,6316
3099,6317
3583,6318
1860,6319
1922,6320
3835,6321
4146,6322
4680,6323
4588,6324
4951,6325
4041,6326
3555,6327
1954,6328
1612,6329
1627,6330
1779,6331
1330,6332
1371,6333
2966,6334
4936,6335
746,6336
2576,6337
2137,6338
3366,6339
1977,6340
2284,6341
2530,6342
1678,6343
4710,6344
4411,6345
1048,6346
1869,6347
1719,6348
1085,6349
3985,6350
3226,6351
4090,6352
832,6353
501,6354
3755,6355
1166,6356
131,6357
224,6358
2175,6359
4850,6360
572,6361
2202,6362
2061,6363
2876,6364
3738,6365
3673,6366
3986,6367
3051,6368
3563,6369
1757,6370
974,6371
4636,6372
238,6373
4058,6374
1551,6375
4200,6376
72,6377
3896,6378
4963,6379
1091,6380
4658,6381
2310,6382
1441,6383
2388,6384
280,6385
3833,6386
2128,6387
907,6388
2755,6389
3937,6390
13,6391
4277,6392
3567,6393
1684,6394
1688,6395
4450,6396
3908,6397
2319,6398
3895,6399
2990,6400
536,6401
3139,6402
3400,6403
3346,6404
4834,6405
4853,6406
1275,6407
916,6408
2456,6409
4971,6410
2052,6411
4337,6412
401,6413
1445,6414
2572,6415
3769,6416
3027,6417
2193,6418
2536,6419
3002,6420
2965,6421
1805,6422
2318,6423
4915,6424
1620,6425
1528,6426
3519,6427
2841,6428
1513,6429
4008,6430
959,6431
2301,6432
2904,6433
2764,6434
4117,6435
995,6436
1625,6437
4282,6438
2321,6439
3482,6440
4419,6441
3305,6442
2280,6443
3370,6444
4835,6445
2127,6446
1009,6447
2193,6448
408,6449
2491,6450
2522,6451
3708,6452
1913,6453
2059,6454
1946,6455
3123,6456
1844,6457
1286,6458
4023,6459
1644,6460
1912,6461
4339,6462
1065,6463
957,6464
1354,6465
1735,6466
373,6467
118,6468
2963,6469
1913,6470
2738,6471
3436,6472
2048,6473
25,6474
78,6475
1782,6476
55,6477
4051,6478
1592,6479
2442,6480
1239,6481
671,6482
3318,6483
1104,6484
2400,6485
2540,6486
3240,6487
2645,6488
4022,6489
2015,6490
819,6491
1416,6492
1425,6493
928,6494
2222,6495
4640,6496
1199,6497
133,6498
3015,6499
3603,6500
4583,6501
4035,6502
621,6503
1871,6504
4895,6505
3115,6506
934,6507
2308,6508
3558,6509
1578,6510
1602,6511
4887,6512
2994,6513
4710,6514
78,6515
2151,6516
4641,6517
2751,6518
4560,6519
2074,6520
843,6521
4683,6522
3305,6523
3632,6524
2973,6525
2760,6526
2085,6527
3142,6528
4494,6529
2181,6530
3483,6531
3099,6532
838,6533
1248,6534
3403,6535
3262,6536
4857,6537
4880,6538
1089,6539
4828,6540
3879,6541
4843,6542
3286,6543
2125,6544
1086,6545
2080,6546
3455,6547
4744,6548
21,6549
1325,6550
1219,6551
554,6552
4482,6553
4929,6554
3841,6555
4897,6556
3603,6557
3594,6558
3598,6559
3366,6560
680,6561
599,6562
1338,6563
4717,6564
1279,6565
391,6566
4435,6567
2510,6568
2757,6569
1295,6570
2359,6571
1535,6572
3123,6573
2759,6574
2741,6575
2807,6576
53,6577
2748,6578
3899,6579
1531,6580
507,6581
1725,6582
3417,6583
3483,6584
483,6585
2418,6586
684,6587
2254,6588
3372,6589
375,6590
1578,6591
440,6592
4516,6593
13,6594
4491,6595
2850,6596
890,6597
3080,6598
4574,6599
2009,6600
4932,6601
417,6602
1423,6603
4933,6604
1249,6605
1829,6606
1902,6607
3683,6608
4191,6609
4346,6610
1474,6611
1561,6612
644,6613
2008,6614
3769,6615
1336,6616
696,6617
1949,6618
3217,6619
2932,6620
3688,6621
4343,6622
4833,6623
3829,6624
907,6625
4004,6626
2143,6627
3169,6628
320,6629
2636,6630
2003,6631
47,6632
4814,6633
2141,6634
4650,6635
1653,6636
2249,6637
1853,6638
3370,6639
313,6640
2787,6641
1115,6642
2443,6643
1394,6644
79,6645
525,6646
243,6647
2655,6648
2150,6649
4570,6650
2185,6651
1822,6652
1726,6653
385,6654
4914,6655
3981,6656
2837,6657
3935,6658
3662,6659
2387,6660
3817,6661
323,6662
1931,6663
2863,6664
2753,6665
2964,6666
495,6667
47,6668
4789,6669
4336,6670
4697,6671
4530,6672
1297,6673
4479,6674
1263,6675
4861,6676
4205,6677
685,6678
3688,6679
1520,6680
4999,6681
1522,6682
2627,6683
4465,6684
126,6685
445,6686
4182,6687
199,6688
656,6689
2883,6690
1519,6691
720,6692
1756,6693
1868,6694
2357,6695
2114,6696
3424,6697
333,6698
2566,6699
2116,6700
2026,6701
894,6702
3617,6703
3789,6704
634,6705
637,6706
4053,6707
3771,6708
2629,6709
2063,6710
3472,6711
3252,6712
2747,6713
4813,6714
2760,6715
3176,6716
873,6717
2340,6718
1852,6719
3236,6720
3263,6721
2171,6722
2466,6723
3535,6724
3578,6725
4519,6726
121,6727
575,6728
3881,6729
2409,6730
1616,6731
2452,6732
1315,6733
310,6734
4229,6735
3635,6736
3750,6737
1677,6738
4238,6739
4019,6740
3872,6741
4756,6742
10,6743
2819,6744
4777,6745
4810,6746
2855,6747
440,6748
527,6749
53,6750
2468,6751
459,6752
2383,6753
3412,6754
880,6755
1112,6756
722,6757
2750,6758
4377,6759
2847,6760
3260,6761
2824,6762
3477,6763
2998,6764
3613,6765
2353,6766
1683,6767
699,6768
868,6769
3040,6770
73,6771
3590,6772
1134,6773
83,6774
4998,6775
4596,6776
1994,6777
410,6778
2233,6779
4628,6780
1399,6781
3905,6782
1544,6783
2908,6784
107,6785
1520,6786
2233,6787
3812,6788
1452,6789
310,6790
4522,6791
521,6792
2602,6793
2736,6794
3884,6795
514,6796
890,6797
366,6798
2011,6799
1518,6800
3364,6801
2870,6802
4879,6803
2723,6804
1989,6805
4813,6806
4349,6807
4423,6808
701,6809
3388,6810
4085,6811
1097,6812
2601,6813
3552,6814
1733,6815
2352,6816
3168,6817
4871,6818
2379,6819
1018,6820
145,6821
401,6822
1791,6823
1126,6824
3194,6825
4244,6826
4117,6827
4577,6828
3242,6829
1846,6830
4654,6831
1883,6832
3999,6833
4069,6834
383,6835
1914,6836
3216,6837
1050,6838
3423,6839
3013,6840
1483,6841
4512,6842
2060,6843
4258,6844
814,6845
4096,6846
3477,6847
2399,6848
2777,6849
1952,6850
4145,6851
3603,6852
1577,6853
4615,6854
4477,6855
4645,6856
2341,6857
3786,6858
4881,6859
3691,6860
1828,6861
3736,6862
3507,6863
251,6864
3909,6865
3120,6866
2489,6867
4380,6868
1429,6869
4104,6870
3611,6871
709,6872
3491,6873
4247,6874
4549,6875
3676,6876
925,6877
4500,6878
3880,6879
144,6880
659,6881
1532,6882
4849,6883
3686,6884
4395,6885
2159,6886
4527,6887
2871,6888
1707,6889
554,6890
2888,6891
2343,6892
4513,6893
837,6894
1339,6895
3853,6896
1077,6897
373,6898
567,6899
4057,6900
1556,6901
1850,6902
4865,6903
3192,6904
621,6905
3865,6906
2217,6907
4378,6908
1263,6909
986,6910
589,6911
2691,6912
4833,6913
658,6914
1947,6915
340,6916
3112,6917
1097,6918
3706,6919
2811,6920
1195,6921
4901,6922
3385,6923
2117,6924
2984,6925
4620,6926
837,6927
754,6928
4623,6929
2924,6930
3086,6931
4416,6932
2886,6933
4477,6934
2282,6935
2590,6936
802,6937
1149,6938
3231,6939
4713,6940
180,6941
2746,6942
1085,6943
1506,6944
3888,6945
4419,6946
2856,6947
2997,6948
4279,6949
4870,6950
3305,6951
2801,6952
4181,6953
394,6954
2148,6955
2398,6956
2450,6957
1229,6958
1730,6959
553,6960
3684,6961
4910,6962
1097,6963
4170,6964
4834,6965
3852,6966
3094,6967
478,6968
3930,6969
3804,6970
256,6971
716,6972
4931,6973
4405,6974
2503,6975
3114,6976
3579,6977
702,6978
4240,6979
3912,6980
4424,6981
4350,6982
4897,6983
507,6984
2746,6985
2226,6986
3955,6987
1074,6988
110,6989
4889,6990
2778,6991
1851,6992
1700,6993
3619,6994
213,6995
2974,6996
3937,6997
2324,6998
3788,6999
4400,7000
1692,7001
4213,7002
1219,7003
448,7004
556,7005
4019,7006
1331,7007
2925,7008
4751,7009
900,7010
3593,7011
4813,7012
2988,7013
4896,7014
1397,7015
382,7016
4257,7017
1028,7018
4571,7019
4704,7020
797,7021
368,7022
2947,7023
2952,7024
3942,7025
4250,7026
4092,7027
245,7028
4082,7029
4792,7030
748,7031
869,7032
1857,7033
2848,7034
2657,7035
528,7036
3224,7037
538,7038
1882,7039
4579,7040
3175,7041
3316,7042
3126,7043
3013,7044
3499,7045
3412,7046
1466,7047
732,7048
2955,7049
4113,7050
4638,7051
1520,7052
854,7053
3681,7054
704,7055
3918,7056
4098,7057
619,7058
4126,7059
4510,7060
2686,7061
3045,7062
4135,7063
1068,7064
3504,7065
1679,7066
4946,7067
65,7068
2351,7069
869,7070
580,7071
3355,7072
3824,7073
3335,7074
1341,7075
2519,7076
4212,7077
4459,7078
571,7079
4821,7080
183,7081
2400,7082
2196,7083
4835,7084
2018,7085
4149,7086
4239,7087
392,7088
857,7089
3567,7090
4266,7091
3169,7092
4036,7093
3238,7094
4469,7095
2374,7096
3610,7097
3519,7098
3476,7099
838,7100
3944,7101
4626,7102
3488,7103
2285,7104
173,7105
4660,7106
3270,7107
4740,7108
4287,7109
4605,7110
797,7111
1168,7112
566,7113
3010,7114
4676,7115
4153,7116
3408,7117
2803,7118
2648,7119
3884,7120
1787,7121
4774,7122
1257,7123
3199,7124
1413,7125
1585,7126
565,7127
3651,7128
926,7129
850,7130
2946,7131
2044,7132
2723,7133
3489,7134
599,7135
4210,7136
2659,7137
2188,7138
2058,7139
4187,7140
3078,7141
2593,7142
2442,7143
1422,7144
3056,7145
783,7146
1022,7147
2225,7148
1,7149
1204,7150
628,7151
1946,7152
2623,7153
703,7154
274,7155
4968,7156
433,7157
478,7158
711,7159
2714,7160
268,7161
168,7162
1641,7163
2902,7164
1817,7165
3667,7166
4712,7167
2482,7168
2981,7169
2710,7170
4193,7171
3645,7172
2654,7173
3287,7174
3298,7175
2006,7176
1700,7177
3574,7178
2739,7179
2107,7180
1916,7181
383,7182
594,7183
1171,7184
4797,7185
2770,7186
1102,7187
1587,7188
1574,7189
2838,7190
1956,7191
3387,7192
990,7193
3096,7194
2212,7195
3217,7196
2585,7197
247,7198
723,7199
724,7200
2024,7201
4267,7202
4737,7203
4466,7204
2097,7205
544,7206
3476,7207
1585,7208
1282,7209
3775,7210
3715,7211
568,7212
4650,7213
1013,7214
3323,7215
3710,7216
670,7217
4400,7218
1068,7219
4617,7220
4063,7221
4576,7222
339,7223
3911,7224
4377,7225
3442,7226
1361,7227
3688,7228
3908,7229
1014,7230
450,7231
2593,7232
2399,7233
1314,7234
269,7235
1737,7236
1375,7237
2508,7238
2401,7239
414,7240
3907,7241
4963,7242
2749,7243
2848,7244
2010,7245
461,7246
1830,7247
2164,7248
4170,7249
1729,7250
1629,7251
2881,7252
153,7253
3949,7254
4773,7255
3998,7256
1719,7257
2904,7258
2376,7259
1064,7260
1066,7261
3096,7262
562,7263
1536,7264
1367,7265
4076,7266
1403,7267
3634,7268
4279,7269
4074,7270
4984,7271
1454,7272
174,7273
1657,7274
1897,7275
2418,7276
3644,7277
1199,7278
4308,7279
1508,7280
1968,7281
3364,7282
896,7283
3172,7284
4015,7285
4020,7286
4978,7287
3647,7288
352,7289
3527,7290
1714,7291
748,7292
4618,7293
428,7294
1877,7295
2441,7296
1083,7297
4248,7298
2083,7299
2126,7300
1897,7301
299,7302
3210,7303
3776,7304
1172,7305
434,7306
4000,7307
334,7308
274,7309
3805,7310
301,7311
4391,7312
3712,7313
2849,7314
2925,7315
3657,7316
4663,7317
3366,7318
1713,7319
2090,7320
2131,7321
1121,7322
2878,7323
2361,7324
1044,7325
3514,7326
531,7327
1805,7328
1113,7329
3815,7330
2110,7331
844,7332
14,7333
3454,7334
4070,7335
3269,7336
1949,7337
1981,7338
2914,7339
3645,7340
681,7341
3476,7342
2696,7343
892,7344
1315,7345
3961,7346
246,7347
3640,7348
2137,7349
1778,7350
2010,7351
4312,7352
4073,7353
1902,7354
709,7355
50,7356
3921,7357
1075,7358
2267,7359
3436,7360
4081,7361
752,7362
76,7363
4029,7364
4878,7365
83,7366
4797,7367
3748,7368
4855,7369
3155,7370
1038,7371
1503,7372
3836,7373
4390,7374
3901,7375
3284,7376
537,7377
4523,7378
4496,7379
210,7380
1790,7381
4081,7382
4406,7383
4048,7384
3585,7385
365,7386
2558,7387
3588,7388
4561,7389
214,7390
1318,7391
2805,7392
900,7393
4732,7394
3595,7395
1288,7396
3840,7397
3467,7398
1742,7399
4013,7400
2077,7401
4035,7402
365,7403
4923,7404
2232,7405
3107,7406
1077,7407
4438,7408
4457,7409
2112,7410
1253,7411
3815,7412
2221,7413
834,7414
4581,7415
2603,7416
3292,7417
4583,7418
2578,7419
4090,7420
1835,7421
2124,7422
635,7423
4920,7424
3297,7425
3642,7426
894,7427
1414,7428
589,7429
1622,7430
3314,7431
4906,7432
1805,7433
390,7434
4190,7435
3433,7436
1719,7437
2922,7438
4479,7439
2179,7440
3171,7441
1520,7442
669,7443
4502,7444
103,7445
1742,7446
1126,7447
497,7448
3433,7449
3667,7450
3304,7451
1465,7452
4167,7453
493,7454
4826,7455
1918,7456
1753,7457
3475,7458
4683,7459
4031,7460
380,7461
3411,7462
3856,7463
1768,7464
2935,7465
3028,7466
865,7467
3890,7468
785,7469
3092,7470
1876,7471
1746,7472
3616,7473
2754,7474
3647,7475
2088,7476
4467,7477
4,7478
1593,7479
3577,7480
3576,7481
1177,7482
481,7483
132,7484
3006,7485
3560,7486
1332,7487
935,7488
731,7489
254,7490
2394,7491
3410,7492
269,7493
4658,7494
3881,7495
1098,7496
3540,7497
259,7498
919,7499
2534,7500
3493,7501
2368,7502
1891,7503
1908,7504
3856,7505
798,7506
3836,7507
1860,7508
4642,7509
1541,7510
3671,7511
483,7512
18,7513
4474,7514
2756,7515
2416,7516
2519,7517
1173,7518
121,7519
1698,7520
264,7521
331,7522
468,7523
119,7524
697,7525
3444,7526
708,7527
4357,7528
1507,7529
902,7530
2696,7531
3396,7532
1604,7533
927,7534
4237,7535
1201,7536
610,7537
1725,7538
2451,7539
2987,7540
75,7541
3528,7542
4064,7543
4296,7544
1959,7545
3534,7546
3802,7547
1968,7548
1715,7549
1309,7550
808,7551
752,7552
4831,7553
148,7554
4585,7555
2543,7556
2072,7557
2977,7558
4642,7559
1387,7560
717,7561
387,7562
1235,7563
4004,7564
1973,7565
664,7566
3594,7567
2559,7568
2190,7569
2047,7570
2565,7571
4628,7572
3679,7573
4974,7574
483,7575
3647,7576
1734,7577
300,7578
4306,7579
3513,7580
1434,7581
1311,7582
4242,7583
3104,7584
1297,7585
2342,7586
4487,7587
3529,7588
2297,7589
1888,7590
2850,7591
2052,7592
330,7593
522,7594
800,7595
4199,7596
2321,7597
4955,7598
4840,7599
505,7600
3733,7601
1179,7602
2985,7603
3935,7604
3950,7605
3366,7606
2416,7607
1129,7608
3696,7609
2093,7610
3149,7611
862,7612
3227,7613
2116,7614
4494,7615
1986,7616
493,7617
2404,7618
33,7619
150,7620
2413,7621
3049,7622
2709,7623
4111,7624
1369,7625
196,7626
3224,7627
2781,7628
1871,7629
3418,7630
3698,7631
4420,7632
135,7633
4441,7634
3488,7635
3517,7636
3310,7637
2137,7638
4880,7639
4406,7640
2556,7641
2720,7642
4394,7643
4772,7644
1886,7645
2196,7646
36,7647
3615,7648
3396,7649
1539,7650
1957,7651
4813,7652
4123,7653
2925,7654
1626,7655
4869,7656
1546,7657
136,7658
4083,7659
3621,7660
4288,7661
2610,7662
3846,7663
2091,7664
875,7665
3226,7666
457,7667
3494,7668
1994,7669
2310,7670
2835,7671
157,7672
507,7673
3181,7674
4410,7675
1902,7676
2436,7677
4077,7678
3973,7679
1543,7680
3117,7681
1974,7682
3867,7683
967,7684
3675,7685
2684,7686
3626,7687
3229,7688
1310,7689
4967,7690
224,7691
3127,7692
1147,7693
3501,7694
268,7695
2980,7696
4713,7697
3942,7698
1708,7699
1257,7700
2864,7701
4022,7702
1824,7703
2358,7704
4212,7705
1429,7706
212,7707
913,7708
1309,7709
4642,7710
625,7711
473,7712
3377,7713
3058,7714
4772,7715
1508,7716
3854,7717
253,7718
4580,7719
1216,7720
556,7721
1616,7722
3112,7723
1892,7724
3929,7725
819,7726
3133,7727
3119,7728
458,7729
884,7730
4427,7731
823,7732
1112,7733
4520,7734
911,7735
3114,7736
4631,7737
3072,7738
1993,7739
1296,7740
2928,7741
2993,7742
2111,7743
4261,7744
1847,7745
4681,7746
3368,7747
3538,7748
3804,7749
3728,7750
2849,7751
1565,7752
85,7753
1780,7754
3650,7755
804,7756
4249,7757
2811,7758
3024,7759
1629,7760
1662,7761
588,7762
1747,7763
295,7764
1787,7765
2925,7766
3857,7767
2289,7768
366,7769
2485,7770
3353,7771
952,7772
1293,7773
4402,7774
1288,7775
3381,7776
1328,7777
4323,7778
4213,7779
428,7780
3316,7781
3430,7782
2752,7783
1949,7784
3313,7785
866,7786
1470,7787
4454,7788
4092,7789
3302,7790
4822,7791
2773,7792
1444,7793
2535,7794
694,7795
2569,7796
968,7797
3636,7798
702,7799
3745,7800
1126,7801
2573,7802
586,7803
428,7804
213,7805
2774,7806
1571,7807
1974,7808
1331,7809
871,7810
2022,7811
3864,7812
3063,7813
1663,7814
2914,7815
3919,7816
3670,7817
2219,7818
1109,7819
898,7820
633,7821
4155,7822
638,7823
3960,7824
429,7825
260,7826
4300,7827
3743,7828
4112,7829
3390,7830
4757,7831
4165,7832
3377,7833
1415,7834
2511,7835
3201,7836
1239,7837
404,7838
3929,7839
2210,7840
3313,7841
862,7842
1889,7843
4966,7844
2124,7845
3826,7846
3382,7847
4020,7848
375,7849
3767,7850
351,7851
1009,7852
2289,7853
3275,7854
2753,7855
3613,7856
1976,7857
1116,7858
4004,7859
4222,7860
4522,7861
1018,7862
2022,7863
99,7864
2863,7865
1083,7866
2453,7867
4506,7868
4844,7869
3685,7870
1705,7871
4449,7872
4961,7873
3111,7874
4526,7875
1343,7876
2275,7877
3712,7878
325,7879
2603,7880
3122,7881
3725,7882
3699,7883
4587,7884
3539,7885
717,7886
2087,7887
117,7888
117,7889
4271,7890
1775,7891
4432,7892
3991,7893
2209,7894
3586,7895
4083,7896
247,7897
3754,7898
3079,7899
4324,7900
3356,7901
1513,7902
2611,7903
242,7904
20,7905
4547,7906
1494,7907
498,7908
4573,7909
3672,7910
2206,7911
4124,7912
4207,7913
4821,7914
313,7915
1471,7916
159,7917
745,7918
4246,7919
631,7920
3437,7921
4524,7922
748,7923
517,7924
734,7925
2506,7926
2745,7927
2638,7928
938,7929
2948,7930
3379,7931
4858,7932
1598,7933
47,7934
4904,7935
3445,7936
3929,7937
3489,7938
1785,7939
536,7940
3234,7941
4378,7942
2314,7943
4609,7944
3223,7945
536,7946
3298,7947
485,7948
3511,7949
1593,7950
3001,7951
444,7952
3952,7953
4363,7954
2756,7955
3156,7956
1512,7957
2478,7958
642,7959
1028,7960
4375,7961
3160,7962
1201,7963
3929,7964
4010,7965
4767,7966
3968,7967
923,7968
409,7969
3594,7970
2054,7971
2625,7972
3161,7973
3767,7974
2104,7975
55,7976
529,7977
3917,7978
2230,7979
14,7980
1712,7981
3866,7982
4158,7983
1787,7984
1397,7985
3317,7986
4910,7987
974,7988
1324,7989
4365,7990
2853,7991
2076,7992
2910,7993
3399,7994
2130,7995
4340,7996
1641,7997
234,7998
2954,7999
12,8000
4931,8001
1317,8002
3205,8003
1699,8004
4643,8005
4911,8006
2377,8007
792,8008
1542,8009
3693,8010
684,8011
4242,8012
285,8013
4902,8014
261,8015
1837,8016
3460,8017
418,8018
2539,8019
834,8020
3235,8021
4541,8022
4211,8023
110,8024
4745,8025
3704,8026
3773,8027
1328,8028
1027,8029
2143,8030
3551,8031
167,8032
768,8033
2971,8034
623,8035
2577,8036
2767,8037
4017,8038
4860,8039
2996,8040
1966,8041
919,8042
932,8043
4672,8044
1027,8045
3933,8046
2711,8047
3825,8048
3310,8049
3961,8050
4418,8051
4360,8052
1309,8053
577,8054
4444,8055
3835,8056
2805,8057
3555,8058
4643,8059
1928,8060
4423,8061
4383,8062
2030,8063
4485,8064
3407,8065
427,8066
4403,8067
4305,8068
4821,8069
1541,8070
2442,8071
1282,8072
4376,8073
2796,8074
1064,8075
3536,8076
3196,8077
2382,8078
107,8079
4096,8080
1587,8081
1802,8082
2595,8083
4994,8084
4896,8085
4638,8086
4758,8087
2978,8088
4036,8089
3521,8090
739,8091
3777,8092
1389,8093
146,8094
2719,8095
4997,8096
4305,8097
2638,8098
938,8099
3571,8100
1062,8101
2892,8102
4402,8103
1579,8104
748,8105
2019,8106
4269,8107
443,8108
3200,8109
4034,8110
4018,8111
4162,8112
3522,8113
2878,8114
1144,8115
4637,8116
759,8117
4607,8118
4020,8119
3052,8120
4222,8121
3130,8122
2134,8123
421,8124
374,8125
2631,8126
1347,8127
1487,8128
3949,8129
523,8130
852,8131
2168,8132
1706,8133
3190,8134
701,8135
4126,8136
3099,8137
2893,8138
3133,8139
1193,8140
4422,8141
4384,8142
1379,8143
4517,8144
4987,8145
4261,8146
166,8147
2883,8148
2760,8149
3017,8150
4388,8151
113,8152
3626,8153
1165,8154
499,8155
4180,8156
1241,8157
1158,8158
810,8159
3548,8160
204,8161
1603,8162
176,8163
2695,8164
808,8165
674,8166
4506,8167
1884,8168
1012,8169
3386,8170
3104,8171
4833,8172
2455,8173
1753,8174
1615,8175
4940,8176
1911,8177
4158,8178
2255,8179
4604,8180
4395,8181
3991,8182
3846,8183
1464,8184
873,8185
1779,8186
2043,8187
1445,8188
4559,8189
3224,8190
867,8191
2636,8192
4893,8193
2181,8194
1934,8195
617,8196
1497,8197
112,8198
1074,8199
3940,8200
520,8201
3536,8202
1781,8203
715,8204
738,8205
284,8206
926,8207
4653,8208
4974,8209
4377,8210
1907,8211
119,8212
1321,8213
4471,8214
2787,8215
4473,8216
4530,8217
4251,8218
445,8219
3793,8220
1832,8221
3852,8222
4319,8223
478,8224
3625,8225
4274,8226
431,8227
4022,8228
2556,8229
1209,8230
2444,8231
4327,8232
2446,8233
218,8234
3204,8235
3256,8236
384,8237
1465,8238
1167,8239
1680,8240
4839,8241
1439,8242
3865,8243
2253,8244
641,8245
4393,8246
1947,8247
1869,8248
1990,8249
3693,8250
738,8251
2743,8252
4379,8253
4411,8254
3589,8255
3834,8256
1431,8257
1849,8258
1482,8259
2028,8260
2305,8261
2957,8262
4153,8263
2316,8264
4527,8265
134,8266
4030,8267
1696,8268
816,8269
3074,8270
490,8271
2606,8272
1978,8273
1871,8274
2946,8275
4333,8276
196,8277
1038,8278
3581,8279
556,8280
3756,8281
810,8282
4129,8283
1816,8284
1272,8285
1021,8286
2310,8287
202,8288
1648,8289
51,8290
3592,8291
4550,8292
593,8293
3803,8294
1688,8295
2180,8296
2051,8297
4988,8298
3763,8299
1746,8300
2299,8301
4340,8302
3168,8303
4630,8304
2312,8305
1026,8306
1029,8307
4415,8308
2977,8309
4197,8310
2105,8311
20,8312
4620,8313
1658,8314
3107,8315
3587,8316
1864,8317
3905,8318
4201,8319
3923,8320
2499,8321
495,8322
4945,8323
290,8324
4564,8325
1003,8326
850,8327
3358,8328
1737,8329
2189,8330
4042,8331
2110,8332
3872,8333
4361,8334
3880,8335
3977,8336
1089,8337
4192,8338
531,8339
2877,8340
2233,8341
3767,8342
2976,8343
1688,8344
656,8345
644,8346
1799,8347
801,8348
1427,8349
4447,8350
3710,8351
3247,8352
2329,8353
3734,8354
1876,8355
1912,8356
2001,8357
1326,8358
4206,8359
4403,8360
4673,8361
1904,8362
3875,8363
3837,8364
2232,8365
3745,8366
243,8367
4710,8368
4468,8369
4184,8370
2747,8371
3524,8372
4531,8373
1267,8374
218,8375
1382,8376
1333,8377
2049,8378
670,8379
721,8380
32,8381
3064,8382
4486,8383
3734,8384
1185,8385
1311,8386
2217,8387
2689,8388
2912,8389
1220,8390
1453,8391
4498,8392
1548,8393
2766,8394
3519,8395
2375,8396
2370,8397
4779,8398
3448,8399
4974,8400
4753,8401
3274,8402
2678,8403
1062,8404
4456,8405
546,8406
4766,8407
30,8408
573,8409
2616,8410
1751,8411
1244,8412
2375,8413
4091,8414
1369,8415
311,8416
4700,8417
2818,8418
4177,8419
316,8420
1651,8421
3460,8422
1814,8423
3755,8424
2473,8425
4742,8426
4710,8427
2331,8428
1991,8429
784,8430
4440,8431
3920,8432
3329,8433
4431,8434
3315,8435
443,8436
4432,8437
1187,8438
1588,8439
2073,8440
3864,8441
777,8442
1171,8443
2009,8444
177,8445
9,8446
2918,8447
3386,8448
2025,8449
2009,8450
4811,8451
2618,8452
4311,8453
4615,8454
217,8455
2032,8456
737,8457
3081,8458
3599,8459
2233,8460
2966,8461
2223,8462
907,8463
4301,8464
3188,8465
2839,8466
4522,8467
1626,8468
3065,8469
3271,8470
1677,8471
1575,8472
2549,8473
4654,8474
738,8475
3345,8476
2949,8477
4442,8478
4350,8479
4552,8480
4713,8481
2497,8482
3776,8483
4603,8484
3150,8485
2100,8486
1176,8487
3686,8488
3164,8489
1718,8490
987,8491
1586,8492
4400,8493
2409,8494
1695,8495
2636,8496
513,8497
249,8498
973,8499
284,8500
4566,8501
4021,8502
929,8503
1575,8504
413,8505
1404,8506
2226,8507
491,8508
3636,8509
1916,8510
3712,8511
3641,8512
1003,8513
1173,8514
1392,8515
4573,8516
2632,8517
4883,8518
4424,8519
2879,8520
3864,8521
3446,8522
257,8523
2926,8524
4620,8525
909,8526
567,8527
4918,8528
1264,8529
4741,8530
3321,8531
1616,8532
4788,8533
3382,8534
1727,8535
2497,8536
3911,8537
101,8538
3558,8539
248,8540
1142,8541
1274,8542
228,8543
2540,8544
648,8545
658,8546
1986,8547
2539,8548
2900,8549
2301,8550
2452,8551
2795,8552
2712,8553
4265,8554
2201,8555
228,8556
3706,8557
1012,8558
4665,8559
962,8560
2762,8561
1428,8562
200,8563
3350,8564
3766,8565
3905,8566
2767,8567
966,8568
1051,8569
673,8570
1731,8571
4383,8572
3674,8573
1370,8574
2771,8575
3194,8576
1903,8577
4611,8578
4126,8579
3211,8580
2714,8581
706,8582
2081,8583
1881,8584
570,8585
4086,8586
4308,8587
20,8588
2780,8589
2725,8590
1101,8591
2281,8592
2567,8593
3566,8594
746,8595
504,8596
3234,8597
3623,8598
1458,8599
2805,8600
683,8601
2719,8602
4412,8603
745,8604
456,8605
3540,8606
501,8607
2362,8608
4057,8609
4237,8610
3149,8611
2525,8612
2387,8613
2281,8614
2002,8615
3074,8616
2638,8617
549,8618
1402,8619
735,8620
175,8621
1184,8622
2188,8623
4675,8624
1414,8625
3666,8626
4830,8627
3787,8628
2272,8629
399,8630
3336,8631
95,8632
20,8633
2567,8634
3806,8635
317,8636
4537,8637
2305,8638
1745,8639
2732,8640
2661,8641
1298,8642
4094,8643
1586,8644
4959,8645
3450,8646
2460,8647
445,8648
573,8649
2023,8650
58,8651
173,8652
4790,8653
470,8654
4725,8655
1102,8656
2095,8657
1088,8658
3293,8659
4369,8660
3481,8661
3986,8662
408,8663
1340,8664
1232,8665
1683,8666
3252,8667
1980,8668
853,8669
3776,8670
4232,8671
4569,8672
1116,8673
4218,8674
4642,8675
4537,8676
3189,8677
174,8678
4682,8679
3963,8680
1774,8681
3715,8682
1004,8683
3501,8684
3198,8685
1607,8686
3881,8687
1981,8688
4691,8689
321,8690
2230,8691
930,8692
4972,8693
3487,8694
2330,8695
1763,8696
3023,8697
3720,8698
3796,8699
4157,8700
515,8701
4066,8702
321,8703
881,8704
3605,8705
3788,8706
2233,8707
3859,8708
734,8709
2173,8710
561,8711
4251,8712
970,8713
1082,8714
2593,8715
4775,8716
297,8717
970,8718
719,8719
1293,8720
4506,8721
3164,8722
1874,8723
3069,8724
3842,8725
3063,8726
4343,8727
2124,8728
864,8729
1584,8730
3078,8731
4041,8732
3747,8733
4047,8734
2645,8735
3123,8736
2625,8737
2929,8738
4170,8739
4184,8740
3729,8741
3222,8742
2492,8743
3294,8744
1801,8745
1883,8746
1441,8747
3180,8748
3183,8749
2752,8750
2840,8751
409,8752
3651,8753
2010,8754
472,8755
659,8756
1810,8757
3985,8758
2503,8759
776,8760
1284,8761
1243,8762
971,8763
183,8764
3766,8765
54,8766
2579,8767
3255,8768
1919,8769
2800,8770
4333,8771
1646,8772
4670,8773
3617,8774
1704,8775
1899,8776
4346,8777
4591,8778
4547,8779
4956,8780
439,8781
4664,8782
1908,8783
4319,8784
870,8785
2435,8786
2225,8787
3067,8788
4101,8789
3046,8790
1617,8791
4366,8792
2634,8793
1080,8794
346,8795
368,8796
4715,8797
4999,8798
2235,8799
3502,8800
360,8801
3098,8802
1523,8803
0,8804
758,8805
2231,8806
2688,8807
1347,8808
1709,8809
853,8810
4400,8811
4637,8812
1962,8813
3643,8814
4289,8815
3567,8816
1236,8817
2014,8818
1164,8819
4045,8820
2378,8821
1373,8822
1421,8823
3951,8824
195,8825
1248,8826
828,8827
4203,8828
4195,8829
4075,8830
638,8831
4760,8832
4883,8833
4926,8834
4691,8835
4020,8836
4665,8837
2216,8838
4233,8839
2205,8840
4307,8841
3086,8842
4335,8843
1578,8844
4599,8845
3312,8846
1826,8847
3194,8848
4621,8849
4675,8850
1793,8851
3251,8852
2274,8853
4727,8854
868,8855
3403,8856
2886,8857
2890,8858
3208,8859
3697,8860
4846,8861
4513,8862
4364,8863
2300,8864
4369,8865
2445,8866
3174,8867
2506,8868
2878,8869
1171,8870
1965,8871
441,8872
1043,8873
1402,8874
2288,8875
4297,8876
2383,8877
1040,8878
1933,8879
1143,8880
3632,8881
3163,8882
2562,8883
3298,8884
2677,8885
2315,8886
3358,8887
113,8888
4315,8889
4382,8890
2791,8891
4497,8892
3635,8893
2642,8894
1012,8895
3235,8896
2577,8897
2630,8898
2868,8899
4803,8900
3230,8901
3736,8902
4516,8903
3665,8904
2246,8905
2551,8906
212,8907
3890,8908
409,8909
3642,8910
2962,8911
3431,8912
1549,8913
1094,8914
4204,8915
3172,8916
553,8917
1146,8918
618,8919
1105,8920
3955,8921
2853,8922
568,8923
2412,8924
330,8925
3646,8926
255,8927
2220,8928
676,8929
4090,8930
924,8931
1094,8932
3776,8933
2168,8934
1869,8935
1698,8936
4899,8937
3336,8938
123,8939
1494,8940
1422,8941
1198,8942
1602,8943
2145,8944
4853,8945
2307,8946
1865,8947
3929,8948
649,8949
4843,8950
4696,8951
92,8952
2374,8953
3535,8954
2508,8955
465,8956
3548,8957
4972,8958
4604,8959
4863,8960
177,8961
3304,8962
4222,8963
3924,8964
4788,8965
1635,8966
2889,8967
4583,8968
1931,8969
771,8970
2572,8971
3581,8972
1045,8973
3702,8974
2700,8975
1150,8976
1160,8977
1034,8978
2497,8979
2104,8980
307,8981
1647,8982
2377,8983
4530,8984
523,8985
4523,8986
2082,8987
1897,8988
2873,8989
3388,8990
1403,8991
1133,8992
2225,8993
3849,8994
2307,8995
3492,8996
2227,8997
2272,8998
2847,8999
981,9000
2038,9001
88,9002
2287,9003
3478,9004
719,9005
3519,9006
1257,9007
309,9008
4453,9009
3548,9010
1571,9011
2178,9012
3351,9013
2821,9014
2580,9015
377,9016
2267,9017
3834,9018
3203,9019
1683,9020
440,9021
3391,9022
357,9023
3766,9024
4715,9025
2100,9026
322,9027
119,9028
4733,9029
4352,9030
4064,9031
2942,9032
2619,9033
440,9034
2997,9035
4369,9036
1579,9037
3803,9038
1840,9039
2671,9040
3021,9041
625,9042
1832,9043
3630,9044
2078,9045
1470,9046
2538,9047
1860,9048
4613,9049
1867,9050
4102,9051
3184,9052
4281,9053
4260,9054
2818,9055
1673,9056
4288,9057
1586,9058
1540,9059
4005,9060
3449,9061
1282,9062
3435,9063
1602,9064
4066,9065
1418,9066
774,9067
4055,9068
4690,9069
4194,9070
2338,9071
4099,9072
2927,9073
4600,9074
415,9075
2588,9076
4783,9077
2834,9078
2619,9079
817,9080
3354,9081
350,9082
2972,9083
4255,9084
2741,9085
228,9086
1609,9087
3350,9088
4263,9089
1802,9090
1649,9091
3229,9092
368,9093
718,9094
3073,9095
592,9096
4588,9097
4703,9098
3857,9099
3360,9100
3979,9101
1931,9102
1079,9103
4514,9104
4059,9105
2777,9106
4489,9107
1053,9108
4643,9109
4455,9110
78,9111
4168,9112
4241,9113
2916,9114
1436,9115
2953,9116
523,9117
1719,9118
723,9119
3935,9120
3113,9121
4861,9122
3576,9123
1215,9124
449,9125
269,9126
3777,9127
1209,9128
848,9129
1118,9130
590,9131
2243,9132
119,9133
3911,9134
4766,9135
1708,9136
898,9137
837,9138
3781,9139
841,9140
4001,9141
1888,9142
2123,9143
1914,9144
3218,9145
4045,9146
1543,9147
1349,9148
4868,9149
4572,9150
1087,9151
1313,9152
3749,9153
2010,9154
4481,9155
1492,9156
4964,9157
2255,9158
676,9159
1356,9160
3199,9161
3504,9162
2359,9163
1448,9164
3461,9165
3741,9166
1415,9167
3399,9168
3564,9169
3539,9170
4868,9171
1047,9172
3250,9173
746,9174
611,9175
3655,9176
2063,9177
176,9178
3292,9179
2180,9180
4432,9181
3043,9182
3909,9183
1830,9184
4164,9185
3930,9186
989,9187
4339,9188
1322,9189
763,9190
2105,9191
1658,9192
1857,9193
1604,9194
4761,9195
2672,9196
213,9197
150,9198
2883,9199
1998,9200
3584,9201
2188,9202
997,9203
2808,9204
2413,9205
120,9206
518,9207
1182,9208
909,9209
4470,9210
4868,9211
4013,9212
3574,9213
3213,9214
3207,9215
46,9216
4550,9217
4548,9218
4011,9219
3309,9220
2355,9221
4113,9222
3897,9223
1570,9224
1596,9225
2643,9226
550,9227
211,9228
4433,9229
801,9230
505,9231
302,9232
2238,9233
3040,9234
1784,9235
2299,9236
27,9237
31,9238
4635,9239
4055,9240
2134,9241
1158,9242
575,9243
1545,9244
1238,9245
449,9246
2386,9247
3088,9248
2937,9249
1745,9250
3444,9251
521,9252
2902,9253
1506,9254
555,9255
2789,9256
4819,9257
1621,9258
2566,9259
3832,9260
4198,9261
4886,9262
2218,9263
4914,9264
383,9265
2598,9266
335,9267
905,9268
2427,9269
4442,9270
690,9271
4491,9272
4642,9273
712,9274
2419,9275
4415,9276
3889,9277
4704,9278
4480,9279
820,9280
3136,9281
760,9282
288,9283
480,9284
3692,9285
486,9286
1840,9287
898,9288
1652,9289
3777,9290
1264,9291
3663,9292
903,9293
2351,9294
4957,9295
3696,9296
443,9297
4542,9298
231,9299
1865,9300
1278,9301
4654,9302
4284,9303
1585,9304
4096,9305
141,9306
2643,9307
1968,9308
3039,9309
2034,9310
3729,9311
3843,9312
3200,9313
306,9314
2286,9315
3482,9316
3868,9317
3052,9318
2055,9319
3242,9320
3015,9321
3943,9322
2652,9323
2121,9324
425,9325
537,9326
4075,9327
3776,9328
1233,9329
4617,9330
4011,9331
1387,9332
1508,9333
3134,9334
881,9335
666,9336
1801,9337
3157,9338
1652,9339
4899,9340
3183,9341
2597,9342
3108,9343
3253,9344
132,9345
566,9346
1862,9347
4966,9348
686,9349
4604,9350
2577,9351
4220,9352
317,9353
4008,9354
2171,9355
4206,9356
2422,9357
2598,9358
3036,9359
1307,9360
4953,9361
799,9362
560,9363
1112,9364
3835,9365
152,9366
1576,9367
3998,9368
2636,9369
3175,9370
1905,9371
425,9372
2033,9373
1772,9374
2674,9375
4049,9376
1993,9377
660,9378
3241,9379
276,9380
283,9381
3167,9382
3437,9383
4104,9384
2981,9385
3619,9386
3981,9387
4557,9388
1910,9389
2662,9390
3238,9391
3928,9392
4308,9393
1703,9394
4536,9395
3408,9396
1766,9397
3956,9398
4145,9399
4596,9400
290,9401
3076,9402
2192,9403
281,9404
3454,9405
2205,9406
1682,9407
1248,9408
1258,9409
702,9410
3494,9411
773,9412
1019,9413
1037,9414
3556,9415
688,9416
2328,9417
4945,9418
2137,9419
1270,9420
440,9421
2072,9422
3308,9423
1064,9424
3554,9425
2289,9426
651,9427
3834,9428
1411,9429
1067,9430
3813,9431
1524,9432
4786,9433
2667,9434
1521,9435
3188,9436
3637,9437
2224,9438
4228,9439
177,9440
980,9441
201,9442
2366,9443
4536,9444
4653,9445
485,9446
2325,9447
2153,9448
4510,9449
1081,9450
3527,9451
4306,9452
3093,9453
1317,9454
1620,9455
4090,9456
1970,9457
4974,9458
664,9459
2255,9460
1722,9461
2796,9462
4300,9463
4119,9464
4476,9465
3980,9466
293,9467
2849,9468
4039,9469
2894,9470
833,9471
2996,9472
2738,9473
128,9474
2505,9475
3422,9476
4282,9477
2983,9478
1193,9479
1021,9480
4798,9481
404,9482
3104,9483
785,9484
3300,9485
1268,9486
1942,9487
4743,9488
444,9489
334,9490
2800,9491
838,9492
1484,9493
2840,9494
2237,9495
4581,9496
865,9497
4144,9498
1347,9499
4473,9500
668,9501
4126,9502
4617,9503
4402,9504
4153,9505
368,9506
102,9507
2822,9508
921,9509
444,9510
3895,9511
4316,9512
2000,9513
4033,9514
4524,9515
154,9516
3486,9517
4702,9518
3259,9519
1766,9520
761,9521
512,9522
4146,9523
2464,9524
1840,9525
558,9526
3216,9527
3140,9528
4249,9529
4327,9530
2084,9531
67,9532
2555,9533
1737,9534
3291,9535
2331,9536
4540,9537
28,9538
4717,9539
4129,9540
1034,9541
388,9542
2632,9543
1565,9544
4917,9545
1945,9546
2266,9547
3949,9548
1242,9549
4298,9550
410,9551
3376,9552
833,9553
332,9554
71,9555
892,9556
175,9557
4511,9558
2966,9559
2415,9560
1243,9561
3552,9562
2399,9563
4552,9564
1452,9565
4503,9566
1280,9567
422,9568
2424,9569
297,9570
4919,9571
3679,9572
822,9573
4350,9574
4115,9575
913,9576
404,9577
1916,9578
2275,9579
3795,9580
4969,9581
104,9582
676,9583
1076,9584
3171,9585
3003,9586
2974,9587
1058,9588
344,9589
330,9590
2583,9591
3516,9592
16,9593
756,9594
1269,9595
519,9596
304,9597
2567,9598
767,9599
2371,9600
784,9601
1105,9602
811,9603
4271,9604
3749,9605
883,9606
3985,9607
2527,9608
4014,9609
4688,9610
3542,9611
1164,9612
1402,9613
1594,9614
896,9615
4547,9616
2287,9617
2173,9618
4000,9619
1539,9620
4668,9621
3720,9622
3762,9623
3107,9624
4575,9625
3194,9626
3333,9627
3937,9628
4831,9629
2201,9630
168,9631
3044,9632
2681,9633
4524,9634
3322,9635
873,9636
4830,9637
3018,9638
1505,9639
2008,9640
1579,9641
3736,9642
1987,9643
783,9644
2198,9645
4717,9646
3519,9647
3572,9648
3166,9649
4392,9650
436,9651
1607,9652
106,9653
1568,9654
4439,9655
461,9656
3649,9657
1202,9658
4128,9659
1613,9660
4168,9661
4214,9662
3421,9663
1878,9664
3390,9665
2233,9666
380,9667
1326,9668
3161,9669
4379,9670
4388,9671
1091,9672
4441,9673
1906,9674
3395,9675
4452,9676
2812,9677
1259,9678
1425,9679
3336,9680
144,9681
3471,9682
1890,9683
4637,9684
787,9685
355,9686
4967,9687
3570,9688
4565,9689
1197,9690
2613,9691
4196,9692
2043,9693
1005,9694
2507,9695
2243,9696
84,9697
2577,9698
4848,9699
157,9700
1208,9701
4479,9702
3081,9703
3761,9704
1987,9705
238,9706
942,9707
2284,9708
4493,9709
4412,9710
3564,9711
4183,9712
1604,9713
2936,9714
1468,9715
2870,9716
1351,9717
1856,9718
3346,9719
1201,9720
2539,9721
4491,9722
3165,9723
2285,9724
1065,9725
4975,9726
1748,9727
3899,9728
3022,9729
3563,9730
2462,9731
231,9732
976,9733
2534,9734
4649,9735
1009,9736
4983,9737
3669,9738
3131,9739
4631,9740
1400,9741
15,9742
4787,9743
4079,9744
4394,9745
4035,9746
463,9747
409,9748
1772,9749
608,9750
4511,9751
3602,9752
3205,9753
4347,9754
1751,9755
3489,9756
3897,9757
580,9758
3032,9759
1405,9760
2121,9761
4384,9762
711,9763
1563,9764
4659,9765
871,9766
707,9767
1132,9768
2701,9769
790,9770
4026,9771
4676,9772
3950,9773
2669,9774
3772,9775
2563,9776
1227,9777
3201,9778
893,9779
1095,9780
3005,9781
554,9782
2862,9783
4966,9784
1896,9785
3038,9786
2516,9787
4887,9788
2548,9789
1795,9790
3342,9791
2121,9792
2200,9793
711,9794
2714,9795
4322,9796
809,9797
1986,9798
3600,9799
2601,9800
2206,9801
906,9802
4836,9803
2251,9804
4990,9805
1845,9806
2319,9807
4961,9808
95,9809
2754,9810
3966,9811
2447,9812
1799,9813
1567,9814
2904,9815
2780,9816
4830,9817
251,9818
3011,9819
3328,9820
3602,9821
1468,9822
399,9823
2728,9824
4553,9825
1217,9826
1512,9827
348,9828
4977,9829
600,9830
4743,9831
3417,9832
2641,9833
2440,9834
1441,9835
4541,9836
1385,9837
1648,9838
173,9839
4041,9840
317,9841
661,9842
3833,9843
3129,9844
1349,9845
1094,9846
2716,9847
293,9848
1095,9849
1498,9850
2133,9851
3299,9852
4802,9853
1080,9854
3834,9855
3170,9856
836,9857
2869,9858
3945,9859
744,9860
891,9861
3417,9862
3097,9863
3163,9864
55,9865
2697,9866
4088,9867
4898,9868
1950,9869
2461,9870
2013,9871
3420,9872
4661,9873
3946,9874
3359,9875
1358,9876
165,9877
1624,9878
947,9879
2217,9880
2474,9881
1524,9882
353,9883
2225,9884
1228,9885
1446,9886
3127,9887
878,9888
58,9889
1100,9890
884,9891
102,9892
4744,9893
3884,9894
3101,9895
1415,9896
3040,9897
2212,9898
2754,9899
433,9900
1333,9901
3412,9902
2280,9903
25,9904
2688,9905
2098,9906
3407,9907
1958,9908
3663,9909
3684,9910
4341,9911
1783,9912
1384,9913
417,9914
4952,9915
225,9916
4993,9917
2887,9918
4191,9919
2013,9920
698,9921
101,9922
3817,9923
2743,9924
4072,9925
3841,9926
2612,9927
3855,9928
3907,9929
4922,9930
1302,9931
2594,9932
248,9933
3487,9934
2165,9935
2097,9936
4222,9937
2773,9938
3074,9939
1120,9940
4396,9941
3715,9942
673,9943
1855,9944
3808,9945
256,9946
2546,9947
3932,9948
4657,9949
4171,9950
4602,9951
4334,9952
1349,9953
4345,9954
4137,9955
4642,9956
1634,9957
2745,9958
3133,9959
2968,9960
680,9961
4811,9962
1492,9963
3406,9964
2052,9965
467,9966
789,9967
299,9968
4046,9969
4258,9970
1271,9971
2109,9972
2283,9973
308,9974
2631,9975
1986,9976
475,9977
282,9978
2429,9979
4489,9980
1275,9981
385,9982
3831,9983
201,9984
2298,9985
4287,9986
3907,9987
4672,9988
3759,9989
1612,9990
2345,9991
1460,9992
4216,9993
2022,9994
381,9995
2397,9996
2044,9997
1514,9998
4080,9999
